ticker,company_name,exchange_code,industry_l2_name,fiscal_year,managerial_inside_own,state_own,institutional_own,foreign_own,shares_outstanding,net_sales,total_assets,selling_expenses,general_admin_expenses,intangible_assets_net,manufacturing_overhead,net_operating_income,raw_material_consumption,merchandise_purchase_year,wip_goods_purchase,outside_manufacturing_expenses,production_cost,rnd_expenses,product_innovation,process_innovation,net_income,total_equity,share_price,market_value_equity,total_liabilities,net_cfo,capex,net_cfi,cash_and_equivalents,long_term_debt,current_assets,current_liabilities,growth_ratio,inventory,dividend_cash_paid,eps_basic,employees_count,net_ppe,firm_age,evidence_note,unit_scale
ASG,CTCP Xuất nhập khẩu Thủy sản An Giang,HOSE,Thủy sản,2020,0.0273,0.0,0.3219,0.0077,63044964,688099141530.0,1996448537835.0,8064954136.0,91783678590.0,879961073.0,407052870451.0,74783008927.0,42770135220.0,507854863815.0,726314671.0,327806102508.0,599496719860.0,,1,1,58288240493.0,1322161674671.0,,1884603108852.0,674286863164.0,119204401875.0,44556364087.0,-403099393129.0,367600627050.0,336219540186.0,1082104845821.0,338067322978.0,-0.2235,9006715540.0,-77123245591.0,1361.0,1120.0,341407486237.0,10,,1000000000
ASG,CTCP Xuất nhập khẩu Thủy sản An Giang,HOSE,Thủy sản,2021,0.0269,0.0,0.2699,0.0082,75653891,722200182004.0,2140068443648.0,5157685533.0,103629284816.0,670898529.0,428426565874.0,59181149406.0,55308902655.0,546512881345.0,562766370.0,351248254501.0,633168556109.0,,0,1,34944462203.0,1380881294925.0,,2028885048838.0,759187148723.0,70743835077.0,24454290310.0,332469662408.0,137335598773.0,344278214507.0,631170606581.0,414908934216.0,0.05,14073821238.0,-14713596708.0,794.0,1122.0,352629188712.0,11,,1000000000
ASG,CTCP Xuất nhập khẩu Thủy sản An Giang,HOSE,Thủy sản,2022,0.0949,0.0,0.27,0.008,75653891,1979509448075.0,3030948819243.0,8375215228.0,196096380007.0,37369570336.0,1240681424745.0,202719446429.0,251560530674.0,1634586633382.0,496208075.0,1099193195729.0,1797404058882.0,,1,1,152229508245.0,1824874332015.0,,1774462013405.0,1206074487228.0,237633659659.0,37853835633.0,-221631724350.0,206721379127.0,606173852872.0,1737734525236.0,599900634356.0,1.7409,33761135694.0,-5210159412.0,1191.0,1846.0,491443865546.0,12,,1000000000
ASG,CTCP Xuất nhập khẩu Thủy sản An Giang,HOSE,Thủy sản,2023,0.0949,0.0,0.27,0.009,75653892,1919850676354.0,3050110829236.0,12371818100.0,172996951025.0,35770959973.0,1240300590920.0,56126791603.0,294161336177.0,1669699756561.0,115792496.0,1061571323516.0,1861863263278.0,,1,1,27024912994.0,1850405703213.0,,1475250894000.0,1203303714362.0,148667512428.0,83456882805.0,-124298428749.0,165727939365.0,531204749942.0,1734850620405.0,668500376081.0,-0.0301,32534813939.0,-30457392950.0,53.0,1887.0,424545631587.0,13,,1000000000
ASG,CTCP Xuất nhập khẩu Thủy sản An Giang,HOSE,Thủy sản,2024,0.0949,0.0,0.28,0.01,90784669,1915534107117.0,3270895843935.0,17502190415.0,198945681685.0,34204039077.0,1202059321826.0,78856936849.0,257534919937.0,1606063463539.0,103498116.0,1019175980088.0,1835403866910.0,,1,1,53484630469.0,2031949831357.0,,1661359442700.0,1238946012578.0,144519990331.0,314088744676.0,-200630468048.0,275925813537.0,261373815710.0,1759006493907.0,977572196868.0,-0.0022,28049976271.0,-20115169028.0,319.0,2000.0,418982455811.0,14,,1000000000
C32,CTCP Đầu tư Xây dựng 3-2,HOSE,Xây dựng & Bất động sản,2020,0.02354,0.0,,0.13451,15029145,638219363218.0,975881199539.0,35151850484.0,4056818583.0,61995112060.0,167154460214.0,91942811509.0,155299235189.0,500554938180.0,6117702431.0,134888007803.0,375210228099.0,,0,1,83112130287.0,550265349680.0,,170771203780.0,425615849859.0,59666257418.0,19948106716.0,-38386532906.0,90427262563.0,42630067500.0,489073472602.0,382985782359.0,-0.2045,67112186180.0,-36067911960.0,5070.0,263.0,135234862208.0,27,,1000000000
C32,CTCP Đầu tư Xây dựng 3-2,HOSE,Xây dựng & Bất động sản,2021,0.0235,0.0,,0.04104,15029145,515892584204.0,973034696395.0,24841576471.0,21906132281.0,60319245988.0,170934617714.0,81845792485.0,189347711580.0,448944788444.0,6161116442.0,122701075145.0,398136047984.0,,0,1,75289583290.0,583903617998.0,,220838256630.0,389131078397.0,-13403855921.0,6804863324.0,129637732662.0,113761289692.0,38391667500.0,541350866848.0,350739410897.0,-0.1917,72312901329.0,-18040738980.0,4618.0,218.0,132682908149.0,28,,1000000000
C32,CTCP Đầu tư Xây dựng 3-2,HOSE,Xây dựng & Bất động sản,2022,0.0235,0.0,,0.0448,15029145,571763259757.0,1010445441574.0,22087834334.0,17360703360.0,58727775115.0,137226351984.0,16529135931.0,234782037100.0,512098620098.0,9156404740.0,90569103650.0,409582109793.0,,0,1,20510942791.0,587204394856.0,,131174376560.0,423241046718.0,-105020464225.0,3021675103.0,-2963009361.0,97861011092.0,29103267500.0,578581008992.0,394137779218.0,0.1084,74395772824.0,-36070194986.0,1298.0,224.0,110621991397.0,29,,1000000000
C32,CTCP Đầu tư Xây dựng 3-2,HOSE,Xây dựng & Bất động sản,2023,0.01789,0.0,,0.03837,15029145,494116022209.0,864510257596.0,27785326370.0,40744767798.0,56892464239.0,144158441410.0,-28219174001.0,8130112890.0,515520035706.0,8066300111.0,106980689368.0,176665948595.0,,0,1,-26982148276.0,535932188524.0,,126515341610.0,328578069072.0,-9956971274.0,4996928662.0,90191296995.0,63215235830.0,0.0,462588802109.0,328578069072.0,-0.1358,95799786321.0,-15029019600.0,-1248.0,222.0,94766752785.0,30,,1000000000
C32,CTCP Đầu tư Xây dựng 3-2,HOSE,Xây dựng & Bất động sản,2024,0.2612,0.0,,0.01056,15029145,626831909349.0,788592439800.0,27339534420.0,21748960137.0,51656115056.0,128105140820.0,5784446751.0,204385972937.0,558625496987.0,8604870469.0,101252377840.0,377429631060.0,,0,0,8129058483.0,543631774387.0,,132542009755.0,244960665413.0,61428228736.0,6174499020.0,1155064018.0,49051184329.0,37931769.0,293450125677.0,244922733644.0,0.268,85600206905.0,0.0,377.0,207.0,86624081227.0,31,,1000000000
CAP,CTCP Lâm Nông sản Thực phẩm Yên Bái,UPCOM,Thực phẩm & Đồ uống,2020,0.3397,,0.0001,0.0197,5236023,375710311234.0,116246847630.0,8980366564.0,23731375160.0,27810484.0,27091705363.0,36387227378.0,278628081342.0,302102151441.0,1048296168.0,15632133419.0,334234670383.0,,0,1,30116336512.0,85879995347.0,,52841944116.0,30366852283.0,27704014283.0,21261736964.0,-20290696497.0,39632790637.0,26850000.0,76364131676.0,30366852283.0,-0.1511,11505873997.0,-18326080500.0,5292.0,500.0,23881820663.0,48,,1000000000
CAP,CTCP Lâm Nông sản Thực phẩm Yên Bái,UPCOM,Thực phẩm & Đồ uống,2021,0.3429,,0.0001,0.0181,5236023,517968805443.0,152685948977.0,12454302686.0,17777272058.0,0.0,31312923205.0,67053910352.0,366202921153.0,423831383474.0,2062836822.0,15470866261.0,421038532251.0,,0,1,57251127630.0,119476560691.0,,127517504142.0,33209388286.0,82442432104.0,22894718442.0,-22183647577.0,78943429566.0,26850000.0,100667134097.0,33182538286.0,0.3787,15167059038.0,-20944092000.0,10059.0,603.0,47842022151.0,49,,1000000000
CAP,CTCP Lâm Nông sản Thực phẩm Yên Bái,UPCOM,Thực phẩm & Đồ uống,2022,0.2373,,7e-05,0.006,7853968,657022543534.0,233020523972.0,30647257188.0,22357549443.0,0.0,70626489242.0,127616734141.0,384554576757.0,480954638305.0,2500844390.0,40187278972.0,532813804308.0,,0,1,106050406628.0,194194250832.0,,249795452240.0,38826273140.0,104750970132.0,5335741467.0,-4350864597.0,153562737459.0,26850000.0,188515183067.0,38799423140.0,0.2648,17146104503.0,-26180115000.0,12558.0,542.0,38021917787.0,50,,1000000000
CAP,CTCP Lâm Nông sản Thực phẩm Yên Bái,UPCOM,Thực phẩm & Đồ uống,2023,0.2391,,0.0076,0.0122,10052920,611388119235.0,292173826555.0,34064689216.0,23534193568.0,0.0,78416236907.0,132224916514.0,361086350143.0,444386545276.0,2399315891.0,50632663104.0,505025588655.0,,0,1,114408909365.0,265011466133.0,,463529604280.0,27162360422.0,80392616731.0,6634701967.0,-120103551749.0,80955321149.0,26850000.0,256041298361.0,27135510422.0,-0.0681,31494321598.0,-32972381400.0,10584.0,462.0,32534072506.0,51,,1000000000
CAP,CTCP Lâm Nông sản Thực phẩm Yên Bái,UPCOM,Thực phẩm & Đồ uống,2024,0.2501,,0.0036,0.0112,15079284,591753292991.0,269963505951.0,26369942119.0,23852628306.0,0.0,55531954301.0,41433564664.0,510995726445.0,584396805069.0,2147248795.0,29439604901.0,634786876942.0,,0,1,30921885524.0,239948306189.0,,613967767344.0,30015199762.0,-51020878854.0,7313963156.0,115590192568.0,94467547790.0,26850000.0,243977602153.0,29988349762.0,-0.0335,115588167636.0,-50242835500.0,2922.0,400.0,21473979949.0,52,,1000000000
CLC,CTCP Cát Lợi,HOSE,Thực phẩm & Đồ uống,2020,0.0015,,0.0432,0.0216,26207583,1899749410421.0,911619959485.0,24461936589.0,61221410405.0,4843881325.0,,161049408328.0,,1630775360209.0,444168939.0,3956051869.0,,,0,0,128947567861.0,730638429829.0,,557129796129.0,180981529656.0,227571706882.0,291950000.0,-4489586.0,55820130138.0,505995082.0,839016028081.0,180475534574.0,0.015,599567026308.0,-78622749.0,4477.0,307.0,54104614133.0,28,,1000000000
CLC,CTCP Cát Lợi,HOSE,Thực phẩm & Đồ uống,2021,0.0013,,0.0412,0.0194,26207583,2142096427823.0,1050169038970.0,27059013149.0,76074878920.0,4457537275.0,137886893004.0,177404439543.0,1670958811476.0,1992103321676.0,16144882.0,53450843205.0,1947831894998.0,,0,0,142199568750.0,773990948519.0,,677675681214.0,276178090451.0,-14250987600.0,4076779846.0,10057582659.0,61971518986.0,505995082.0,839016028081.0,275672095369.0,0.1276,734664605507.0,-78622749000.0,4651.0,308.0,26575031014.0,29,,1000000000
CLC,CTCP Cát Lợi,HOSE,Thực phẩm & Đồ uống,2022,0.00065,,0.0408,0.0242,26207583,2304869186924.0,1385113013339.0,31695752718.0,78098236348.0,4162780560.0,144499504356.0,174699199680.0,1807878605978.0,2274171753997.0,67296050.0,57068302822.0,2085314381764.0,,0,1,140450356519.0,841640609364.0,,626675724696.0,543472403975.0,-94740123628.0,40090065106.0,-39932392254.0,24018704684.0,505995082.0,1340988754015.0,542966408893.0,0.076,1026571466827.0,-65518957500.0,4823.0,304.0,33502272845.0,30,,1000000000
CLC,CTCP Cát Lợi,HOSE,Thực phẩm & Đồ uống,2023,0.007,,0.0408,0.0257,26207583,2970830028691.0,1566793217359.0,34714384478.0,78418027049.0,4518331133.0,136238672924.0,180054586660.0,2444695571317.0,2707438799074.0,40385674.0,61935305018.0,2710002133011.0,,0,1,143976462812.0,875597320516.0,,812356435851.0,691195896843.0,100387203010.0,41545455963.0,-41392425537.0,27684777127.0,505995082.0,1452788973105.0,690689901761.0,0.289,1094837436546.0,-91726540500.0,4820.0,297.0,20344089632.0,31,,1000000000
CLC,CTCP Cát Lợi,HOSE,Thực phẩm & Đồ uống,2024,0.0084,,0.0407,0.0208,26207583,3691723816321.0,1955275823603.0,45179244546.0,112988621976.0,3622945250.0,206826490775.0,189488093767.0,3051466823653.0,3581597567588.0,125540520.0,64848087688.0,3406831215215.0,,0,1,150229088842.0,909803704136.0,,1230655682514.0,1045472119467.0,-130958329159.0,88607229378.0,-94527098956.0,32039406447.0,20777353744.0,1841282095680.0,1024694765723.0,0.2426,1391721925552.0,-104830332000.0,5159.0,301.0,106875855954.0,32,,1000000000
CLL,CTCP Cảng Cát Lái,UPCOM,Vận tải & Logistics,2020,0.00084,0.4769,,0.0727,34000000,386239280462.0,705655668545.0,665529748.0,21130719528.0,81396199349.0,223804427702.0,114516073944.0,24449407789.0,264645898313.0,,157771080503.0,283355301193.0,,0,1,98534565046.0,647099064005.0,,725152000000.0,58556604540.0,156664616504.0,7603767081.0,56390567210.0,174579078394.0,1335051972.0,297069184444.0,57221552568.0,0.1029,1071137444.0,-75812621200.0,2674.0,38.0,225294237087.0,13,,1000000000
CLL,CTCP Cảng Cát Lái,UPCOM,Vận tải & Logistics,2021,0.00084,0.4769,,0.0725,34000000,264280885731.0,640142678371.0,103881001.0,15148402108.0,79737201260.0,132297565971.0,102144757909.0,17642629451.0,90155046355.0,,63108974952.0,176973584835.0,,0,0,88550967433.0,625411779689.0,,830654000000.0,14730898682.0,103428944860.0,5655596558.0,20587253093.0,218756362058.0,0.0,340542941305.0,14730898682.0,-0.3158,2367582000.0,-74448917300.0,2401.0,37.0,119252067464.0,14,,1000000000
CLL,CTCP Cảng Cát Lái,UPCOM,Vận tải & Logistics,2022,0.00084,0.4769,,0.0691,34000000,263727304688.0,703998424827.0,3450859328.0,23556431798.0,78166436494.0,117452953249.0,109930820864.0,20944761838.0,69942539578.0,,59972618240.0,165509530037.0,,0,0,90631796057.0,650374737780.0,,677110000000.0,53623687047.0,120483581658.0,13641983521.0,-30466621772.0,221034411588.0,0.0,355357778109.0,53623687047.0,-0.0021,1082804000.0,-80748972200.0,2532.0,39.0,153356358114.0,15,,1000000000
CLL,CTCP Cảng Cát Lái,UPCOM,Vận tải & Logistics,2023,0.00103,0.4769,,0.1018,34000000,306291069080.0,612867501021.0,1750327065.0,20643056627.0,76567905092.0,149731620177.0,115589281912.0,22971262446.0,66134901620.0,,98343872907.0,202717158239.0,,0,1,93406910813.0,590892928199.0,,1092352000000.0,21974572822.0,116330169249.0,4631165800.0,146255601336.0,228171368733.0,0.0,340058873826.0,21974572822.0,0.1614,5185890519.0,-123818772240.0,2711.0,39.0,94482327950.0,16,,1000000000
CLL,CTCP Cảng Cát Lái,UPCOM,Vận tải & Logistics,2024,0.017866,0.4769,,0.1059,34000000,322588699271.0,618211320921.0,1108620560.0,27997315982.0,74983257008.0,163222642121.0,119593968162.0,21558593596.0,58483439336.0,1323457756.0,114957131134.0,215693906314.0,,0,1,95924290680.0,593271622182.0,,1127712000000.0,24939698739.0,51555885602.0,13050095238.0,-100188851575.0,91729692660.0,0.0,350811169163.0,24939698739.0,0.0532,5530675211.0,-87808710100.0,2723.0,39.0,77965663989.0,17,,1000000000
CMX,CTCP Camimex Group,HOSE,Thủy sản,2020,0.1676,0.0,0.2312,0.1415,30408751,1424587442141.0,1492667751503.0,40090530359.0,36499701360.0,622691371.0,131247467355.0,71495487102.0,1218247881713.0,1264121655973.0,0.0,62718329567.0,1455930028350.0,,1,1,60144726812.0,557694103349.0,,433172657995.0,934973648154.0,-12819108901.0,91264043533.0,-139270387112.0,6282632017.0,32282292722.0,929797165097.0,902691355432.0,0.4992,602350615573.0,0.0,1767.0,1103.0,309696604199.0,15,,1000000000
CMX,CTCP Camimex Group,HOSE,Thủy sản,2021,0.2477,0.0,0.0015,0.0779,90817502,2093645423310.0,2421584295083.0,91920420442.0,59129213296.0,385702691.0,563589315340.0,95487793578.0,1826997321026.0,2046374368813.0,0.0,100284010526.0,2198251947193.0,,1,1,83524189680.0,1296155803029.0,,1580042899796.0,1125428492054.0,-357450015123.0,18116093404.0,-421040683620.0,26838603731.0,228879731428.0,1729566028845.0,896548760626.0,0.4603,862499021642.0,0.0,1595.0,1308.0,311601602514.0,16,,1000000000
CMX,CTCP Camimex Group,HOSE,Thủy sản,2022,0.221,0.0,0.0035,0.104,101898990,2414196041924.0,2214198778090.0,111426328326.0,49259484239.0,45122855930.0,284504689809.0,121090513773.0,1997467018657.0,2661333930415.0,0.0,150824169682.0,2426684913030.0,,0,1,106910789119.0,966080670007.0,,774432324000.0,1248118108083.0,-253685178828.0,65474704434.0,-70453046900.0,5836426850.0,23905865957.0,1668492641964.0,1224212242126.0,0.1615,880294246884.0,0.0,1700.0,1335.0,299411590456.0,17,,1000000000
CMX,CTCP Camimex Group,HOSE,Thủy sản,2023,0.2212,0.0,0.004,0.1533,101898990,2040090385409.0,3425762286441.0,56003672813.0,77603350580.0,45877231677.0,216523448655.0,91972113886.0,1396066617629.0,2119829943444.0,0.0,74098750398.0,1754519518509.0,,1,1,66951557093.0,1494173405456.0,,888559192800.0,1931588880986.0,-121965721793.0,327427071074.0,-341826914310.0,32030449594.0,356364311109.0,2104402139704.0,1575224569877.0,-0.1596,1333202618493.0,0.0,479.0,1482.0,405442357203.0,18,,1000000000
CMX,CTCP Camimex Group,HOSE,Thủy sản,2024,0.2209,0.0,0.0036,0.1736,101898990,2980878052706.0,3716531565479.0,103385870567.0,95298182923.0,45058329484.0,324336002924.0,66079755115.0,1325095932743.0,2878876995780.0,0.0,127556482481.0,1843298634908.0,,1,1,66249584615.0,1663361200340.0,,801945051300.0,2053170365139.0,-56207241500.0,56833645612.0,-123737594742.0,166150844088.0,814807609194.0,2675381107467.0,1238362755945.0,0.4559,1588902235881.0,0.0,549.0,1506.0,360850127445.0,19,,1000000000
CTF,CTCP City Auto,HOSE,Thương mại,2020,0.177491,0.0,0.1326,0.002,45539968,5644018796504.0,1578696957105.0,189272855206.0,103083396944.0,84742669806.0,194028036197.0,-6572201692.0,5321199367441.0,5177724955813.0,8014379248.0,47265386856.0,5627235756127.0,,0,1,1430416184.0,532333206954.0,,660876015616.0,1046363750151.0,120880820969.0,13841208686.0,-39298440835.0,39582976464.0,177040761635.0,968201415794.0,869322988516.0,-0.1151,299345762083.0,-630234352.0,22.0,1135.0,76109566797.0,11,,1000000000
CTF,CTCP City Auto,HOSE,Thương mại,2021,,0.0,0.0884,0.0049,72397776,4508687749323.0,1762091595441.0,154230365310.0,82451965194.0,84658939983.0,127966357330.0,47026094775.0,4193334251128.0,4243308429396.0,5446919993.0,33747149928.0,4453781052760.0,,0,1,51833349519.0,811828271880.0,,1135052332128.0,950263323561.0,-150381889373.0,12696760196.0,-5633496412.0,55474603075.0,66954342500.0,1196236693916.0,883308981061.0,-0.2044,325137984316.0,-95654000.0,741.0,1268.0,74795519469.0,12,,1000000000
CTF,CTCP City Auto,HOSE,Thương mại,2022,,0.0,0.0891,0.00065,76017542,6306535903335.0,2526696305277.0,265887483966.0,135846266277.0,87580473882.0,191561590618.0,131666018744.0,5742973640590.0,5909218030678.0,9311020405.0,62618445874.0,6115115193463.0,,1,1,117529862884.0,924645232720.0,,2037574195768.0,1602051072557.0,-543280457340.0,53044284159.0,-80566280155.0,74549476681.0,128755056886.0,1733807215727.0,1473296015671.0,0.3958,476408772126.0,-655190672.0,1513.0,1331.0,85780830852.0,13,,1000000000
CTF,CTCP City Auto,HOSE,Thương mại,2023,0.1855,0.0,0.0891,0.0239,89396463,7100782966457.0,3657456636415.0,307125628529.0,112621604633.0,86957270455.0,276509171936.0,17083869964.0,6670530272805.0,6828245668302.0,8210178475.0,70462227321.0,7110510296734.0,,1,1,44047120594.0,1074657805102.0,,2616545075547.0,2582798831313.0,-643752878128.0,53127021506.0,-302908017638.0,61180164578.0,362495133189.0,2591993219472.0,2220303698124.0,0.1599,613891376856.0,-21429454.0,517.0,1304.0,100037213314.0,14,,1000000000
CTF,CTCP City Auto,HOSE,Thương mại,2024,0.1971,0.0,0.0902,0.0326,95653859,8174074326868.0,3917631338920.0,344271900792.0,138426676792.0,86700892376.0,307165929996.0,40472906602.0,7687809905157.0,7700594710760.0,9814221009.0,84173859029.0,8183205377929.0,,1,1,47935815171.0,1122512271252.0,,2053018775717.0,2795119067668.0,-190468783742.0,19202229358.0,119707952612.0,69029863474.0,377160089085.0,2780516388126.0,2417958978583.0,0.1564,613979287300.0,-4486498000.0,519.0,226.0,122408998134.0,15,,1000000000
DHA,CTCP Hóa An,HOSE,Hóa chất,2020,0.0264,0.0,0.4098,0.1267,15119946,382489227375.0,475436281934.0,367370911.0,17664675904.0,47631700307.0,219237937911.0,122245950873.0,22516391467.0,260778554506.0,0.0,146209096684.0,278810601321.0,,1,1,98274259648.0,428691212148.0,,456879408282.0,46745069786.0,105691116654.0,0.0,-86698108532.0,36720730061.0,5084494510.0,318560446203.0,41660575276.0,0.1537,139950000.0,-51556119600.0,6273.0,121.0,17706223929.0,40,,1000000000
DHA,CTCP Hóa An,HOSE,Hóa chất,2021,0.0165,0.0,0.3364,0.1391,15119946,337422824214.0,531221432244.0,102284808.0,15779182018.0,42126894975.0,203539324046.0,109621799588.0,20535079227.0,242366718673.0,0.0,133296545922.0,258248185499.0,,1,1,90254477584.0,468583015347.0,,574013629944.0,62638416897.0,138309874269.0,0.0,2724920998.0,133571576028.0,5525511880.0,393899760544.0,57112905017.0,-0.1178,139950000.0,-44183949300.0,5884.0,118.0,16438620904.0,41,,1000000000
DHA,CTCP Hóa An,HOSE,Hóa chất,2022,0.0646,0.0,0.3381,0.1837,15119946,387820074803.0,491412663719.0,13000000.0,16578967172.0,37155306603.0,240972799170.0,64731917853.0,27055120873.0,284897904825.0,0.0,161807275986.0,301565171997.0,,1,1,52332261663.0,442366188348.0,,414498199644.0,49046475371.0,-99593876.0,2148841363.0,1061749373.0,60897636225.0,5953714721.0,369280328082.0,43092760650.0,0.1494,64650000.0,-73636095300.0,3412.0,117.0,16005418758.0,42,,1000000000
DHA,CTCP Hóa An,HOSE,Hóa chất,2023,0.0587,0.0,0.2919,0.1227,15119946,375398153999.0,469095957351.0,77214991.0,30422741042.0,32183718231.0,242583473172.0,114071982762.0,25564909378.0,272898505500.0,0.0,178741094956.0,301201379598.0,,1,1,87053668250.0,410768203849.0,,663992428590.0,58327753502.0,169024779518.0,372455302.0,3232844999.0,116161635042.0,6401106572.0,359926792107.0,51926646930.0,-0.032,2261731935.0,-116993625700.0,5912.0,114.0,13181417453.0,43,,1000000000
DHA,CTCP Hóa An,HOSE,Hóa chất,2024,0.0845,0.0,0.3051,0.0951,15119946,296193414952.0,470446189023.0,21000000.0,23261344287.0,27212129859.0,190072964510.0,75610276808.0,16679738983.0,207268986950.0,0.0,136480293237.0,232748413172.0,,1,1,51706620002.0,427206293687.0,,611919334566.0,43239895336.0,-101733598631.0,6982576000.0,101186325398.0,85960835809.0,6715421894.0,368317433857.0,36524473442.0,-0.211,64650000.0,-29452146000.0,3512.0,108.0,16736643382.0,44,,1000000000
DNP,CTCP DNP Holding,HOSE,Cao su & Nhựa,2020,,0.0,0.3235,0.0053,109154493,3288654434718.0,9731757624586.0,205203833489.0,262846538239.0,371088195752.0,768134699698.0,33374481296.0,1968265303345.0,2782145803152.0,20717008976.0,416920632441.0,3182405162214.0,,1,0,27085205476.0,2754855936176.0,,1964780874000.0,6976901688410.0,227623070328.0,399085334483.0,-1113521578422.0,107099977436.0,4402585270240.0,3129321210460.0,2574316418170.0,0.1666,593256385880.0,-5449766986.0,132.0,,4686309351838.0,44,,1000000000
DNP,CTCP DNP Holding,HOSE,Cao su & Nhựa,2021,0.1128,0.0,0.3166,0.0024,118909913,6237419990687.0,14040007803512.0,336077185387.0,390963935281.0,1830796222829.0,1253609296616.0,-208680335.0,4026457675968.0,5920898112260.0,29278554193.0,,5976969228345.0,,1,1,22746196895.0,3916171712435.0,,2318743303500.0,10123836091077.0,158264852948.0,677285306134.0,-1453580833835.0,129486697840.0,6462088229533.0,4760222547773.0,3661747861544.0,0.9164,1251787320381.0,-19505989512.0,76.0,4219.0,5360395964236.0,45,,1000000000
DNP,CTCP DNP Holding,HOSE,Cao su & Nhựa,2022,0.1118,0.0,,,118909913,7692849493503.0,16528853135802.0,444843263796.0,434151250448.0,1654535989276.0,1407280786568.0,157102479655.0,5046785855417.0,6639345169979.0,18039248477.0,,7286790019319.0,,1,1,94852148494.0,4560886399848.0,,2853837912000.0,11967966735954.0,-313527998638.0,996213386656.0,-306898181899.0,658938263146.0,5790169919759.0,7603842882014.0,6177796816195.0,0.2275,1487603780913.0,-22059256358.0,37.0,4356.0,5129407241168.0,46,,1000000000
DNP,CTCP DNP Holding,HOSE,Cao su & Nhựa,2023,,0.0,,,118909913,7579411153117.0,16076744988485.0,475804884772.0,442837070749.0,1607647236792.0,1567859621865.0,192700600827.0,4842355463208.0,6274330367658.0,8946547163.0,,7176090430897.0,,1,1,127934575517.0,4658498369133.0,,2616018086000.0,11418246619352.0,514357698106.0,304559313782.0,-743002100021.0,727172283500.0,5319432281040.0,8307329570423.0,6098814338312.0,0.0022,1503263286642.0,-20564250192.0,340.0,3671.0,4113555696990.0,47,,1000000000
DNP,CTCP DNP Holding,HOSE,Cao su & Nhựa,2024,0.0428,0.0,,,140966036,8898420034233.0,17673463331856.0,527120243660.0,467256252225.0,1324854339303.0,1601593064924.0,431193010644.0,5982755503111.0,7470304011891.0,10393200831.0,,8384726603211.0,,1,1,191791308858.0,6075281539977.0,,2889803738000.0,11598181791879.0,640706515259.0,441929329807.0,527660264460.0,1320565735071.0,5755973402282.0,8859009475274.0,5842208389597.0,0.1688,1582968735755.0,-20502592580.0,336.0,3868.0,5710514270634.0,48,,1000000000
DPR,CTCP Cao su Đồng Phú,HOSE,Cao su & Nhựa,2020,0.000237,0.5581,0.0115,0.1169,40124790,1137598059314.0,3775415293753.0,19322999825.0,91544569309.0,1395293637.0,262735188146.0,258396770529.0,315068533985.0,850541573309.0,38858982087.0,31942518539.0,964263861996.0,,1,1,211688100230.0,2332493649808.0,,716708998980.0,1450323589001.0,86490673308.0,94273512097.0,249240157345.0,366150953174.0,893919610524.0,1228187224955.0,556403978477.0,0.1014,162335412690.0,-205646049000.0,4435.0,2859.0,1546041957209.0,39,,1000000000
DPR,CTCP Cao su Đồng Phú,HOSE,Cao su & Nhựa,2021,0.000295,0.5581,0.0358,0.0786,43000000,1216841125268.0,4032489894814.0,32850338103.0,85666204569.0,1230317715.0,237711460970.0,352350933327.0,249537526373.0,842834693786.0,44939798370.0,43030823066.0,875587012638.0,,1,1,472577534709.0,2744404297867.0,,1312962000000.0,1289937301637.0,707108416833.0,53473507264.0,-313069740061.0,593108178577.0,824478638698.0,1618485780193.0,465458662939.0,0.0701,213840783921.0,-182055563450.0,8773.0,2631.0,1473351629828.0,40,,1000000000
DPR,CTCP Cao su Đồng Phú,HOSE,Cao su & Nhựa,2022,0.000338,0.55245,,0.02447,43442966,1210731831577.0,4164860326412.0,26842981825.0,95254305836.0,1318825664.0,337920906482.0,311140021188.0,291203212055.0,828941748783.0,44950342209.0,49128872774.0,1008640727135.0,,1,1,291190347309.0,2994576946347.0,,1009440757976.0,1173569060380.0,282861233145.0,79305074684.0,-346461555912.0,311048755901.0,874436852008.0,1885073999051.0,299132208372.0,-0.0568,194002211764.0,-170974298300.0,5767.0,2404.0,1425000383339.0,41,,1000000000
DPR,CTCP Cao su Đồng Phú,HOSE,Cao su & Nhựa,2023,0.000463,,0.6121,0.0304,86885932,1041122401105.0,4258257438099.0,22057210239.0,94235246278.0,1139808009.0,292860523752.0,272486789365.0,179572143880.0,734396292169.0,42494182754.0,39709824051.0,866618915830.0,,1,1,254104618230.0,3059221272030.0,,2521516632572.0,1203919256442.0,230157322014.0,89858689005.0,-86279957371.0,319773928740.0,964702679582.0,2006038664631.0,239216576860.0,-0.14,163961755059.0,-131302350850.0,3388.0,2096.0,1378905184038.0,42,,1000000000
DPR,CTCP Cao su Đồng Phú,HOSE,Cao su & Nhựa,2024,0.000431,0.55245,,0.05011,86885932,1224455210843.0,4488156217220.0,20101086432.0,139738536359.0,1305302354.0,376439072585.0,318388413022.0,168084778528.0,818942083125.0,19520190114.0,33028736931.0,970623527206.0,,1,1,324254719041.0,3239911054968.0,,3209653214012.0,1253181048318.0,356558313132.0,85548607730.0,-231881834086.0,325585437397.0,997558317609.0,2200223977759.0,255622730709.0,0.176,151333644253.0,-129878461200.0,3000.0,2478.0,1379293885186.0,43,,1000000000
EVE,CTCP Everpia,HOSE,Thực phẩm & Đồ uống,2020,0.1969,0.0,0.0047,0.4751,38047973,855358212133.0,1353033082102.0,140601585345.0,94276086698.0,4466411834.0,139585141520.0,57228571967.0,443890777612.0,534919032666.0,0.0,45932443354.0,792277830816.0,,0,0,42056931119.0,944327202905.0,,365831260395.0,408705879197.0,158304173133.0,6721546973.0,31383857780.0,51427020485.0,255539098242.0,1087289632776.0,153166780955.0,-0.148,339496885104.0,-34022914605.0,1105.0,1495.0,201705006975.0,28,,1000000000
EVE,CTCP Everpia,HOSE,Thực phẩm & Đồ uống,2021,0.2125,0.0,0.0021,0.4931,41091589,865947301217.0,1268743492740.0,150461607802.0,85058370307.0,2829707011.0,137289662063.0,73853793364.0,450467326222.0,577769511180.0,0.0,55275776407.0,799579329307.0,,1,1,59720671255.0,964036237978.0,,589376661027.0,304707254762.0,-52570256707.0,75190215400.0,215347905714.0,52162065411.0,32783914430.0,965611047552.0,271923340332.0,0.012,346527464417.0,-37991437250.0,1570.0,1212.0,186722125438.0,29,,1000000000
EVE,CTCP Everpia,HOSE,Thực phẩm & Đồ uống,2022,0.217,0.0,0.0178,0.5337,41979773,1021248518188.0,1456695376147.0,173296409898.0,88027974504.0,1255755198.0,153031823079.0,114812681768.0,562031924801.0,654690345841.0,0.0,89883133370.0,930628670438.0,,1,1,91829420972.0,1027841202886.0,,516980904495.0,428854173261.0,85259858422.0,152158012141.0,-182273579881.0,54780353092.0,116841140481.0,1055145769022.0,312013032780.0,0.18,364153052782.0,-41083124500.0,2215.0,1206.0,164253763180.0,30,,1000000000
EVE,CTCP Everpia,HOSE,Thực phẩm & Đồ uống,2023,0.196,0.0,0.0156,0.464,41979773,786853906149.0,1355871069270.0,167439134031.0,92954672832.0,974391698.0,150221863066.0,17494075386.0,405745037451.0,490477935758.0,0.0,87439470693.0,787275525279.0,,1,1,18641772642.0,999971315520.0,,580874119001.0,355899753750.0,148247972622.0,132020652921.0,-70951110689.0,40858611052.0,122216982536.0,770385094402.0,233682771214.0,-0.23,318859392606.0,-46131788152.0,425.0,1201.0,351190821438.0,31,,1000000000
EVE,CTCP Everpia,HOSE,Thực phẩm & Đồ uống,2024,0.199,0.0,0.016,0.468,41979773,741241688662.0,1284187996713.0,176095588564.0,94936293601.0,1356180770.0,181553940576.0,-26268202529.0,369607413453.0,442745782748.0,0.0,103346835167.0,750950595526.0,,1,1,-29093858237.0,948498494718.0,,411359795627.0,335689501995.0,68890605279.0,1188295819.0,-56316828962.0,19500426548.0,103053783261.0,740856476417.0,232635718734.0,-0.06,253459104730.0,-20984923228.0,-719.0,1000.0,313979656197.0,32,,1000000000
HTG,CTCP Đầu tư Trang Thành,UPCOM,Xây dựng & Bất động sản,2020,0.0466,0.6496,0.0157,0.0003,22500000,3256264345125.0,1751237369125.0,81032237120.0,109525490949.0,1295720205.0,657005660894.0,70176049475.0,1433887870836.0,2890134925004.0,183730754945.0,511194477433.0,3038323271126.0,,0,0,62238752160.0,477989806976.0,,172440000000.0,1273247562149.0,163374441150.0,104389090380.0,-110947699451.0,44218004444.0,326293070887.0,963187373809.0,946954491262.0,-0.2345,514036868557.0,-56058350947.0,2587.0,9699.0,736529984178.0,59,,1000000000
HTG,CTCP Đầu tư Trang Thành,UPCOM,Xây dựng & Bất động sản,2021,0.0583,0.6187,0.0144,0.0003,23625000,3863509584546.0,2340764632271.0,118787387348.0,120010174501.0,1865423414.0,684151566947.0,218545540121.0,1915354798927.0,3762778212648.0,373904283135.0,553309393593.0,3736186353494.0,,1,1,201452148101.0,653798668682.0,,350476875000.0,1686965963589.0,14084391613.0,85830740555.0,-176815862301.0,58586417754.0,312096618293.0,1605615707684.0,1374869345296.0,0.1864,857148182643.0,-33831798500.0,7894.0,9807.0,670989694477.0,60,,1000000000
HTG,CTCP Đầu tư Trang Thành,UPCOM,Xây dựng & Bất động sản,2022,0.0597,0.6187,0.0145,0.0003,30003075,5178537895876.0,2413126402315.0,127250606534.0,152319897679.0,2467378532.0,876598007730.0,352159592391.0,2746762361144.0,4619985018812.0,416214620311.0,748803739802.0,4954834595979.0,,1,1,284986120618.0,901438572938.0,,477498938625.0,1511687829377.0,204247324116.0,139658530297.0,-155410562707.0,24500930736.0,273561290205.0,1619067077803.0,1238126539172.0,0.3316,912622775247.0,-26027744000.0,7146.0,10339.0,700375819420.0,61,,1000000000
HTG,CTCP Đầu tư Trang Thành,UPCOM,Xây dựng & Bất động sản,2023,0.0556,0.6187,0.0118,0.0003,36002708,4700209574052.0,2507720745464.0,84105696267.0,158353864802.0,1864249216.0,704369690325.0,206841907687.0,2371039795168.0,4121411386414.0,336696888370.0,580415634787.0,4348244727092.0,,1,1,169873401958.0,836806035780.0,,938914621932.0,1670914709684.0,364690740295.0,94061016664.0,-120230820716.0,210985575944.0,229450029601.0,1761375593537.0,1441464680083.0,-0.0924,765957784829.0,-120499545500.0,4444.0,10133.0,663880001252.0,62,,1000000000
HTG,CTCP Đầu tư Trang Thành,UPCOM,Xây dựng & Bất động sản,2024,0.0794,0.6187,0.0118,0.0002,36002708,5102928678811.0,2922215616846.0,109491732853.0,181620716393.0,1552068481.0,751263285787.0,334518451106.0,2632163898063.0,4532814507529.0,338134768457.0,625961594773.0,4762014816728.0,,1,1,282504099078.0,923964139539.0,,1635026981112.0,1998251477307.0,389669316046.0,184586053935.0,-226855870926.0,467127892045.0,208174685985.0,2095059428168.0,1790076791322.0,0.0857,788055765802.0,-159880227000.0,6634.0,9631.0,741857629190.0,63,,1000000000
INN,CTCP Bao bì và In Nông nghiệp,UPCOM,Sản xuất công nghiệp,2020,0.33171,0.0,0.0443,0.0988,18000000,1210062165000.0,802553849100.0,34264992700.0,62821455849.0,0.0,192424397517.0,81353714980.0,741409176554.0,1026848803232.0,5643620993.0,85527051656.0,1081392480199.0,,0,1,67079984770.0,518703720700.0,,341190000000.0,283850128400.0,158467951100.0,116528745200.0,-115397514600.0,62429961190.0,200000000.0,445907260300.0,283650128400.0,-0.0763,93822009830.0,-35330825000.0,3546.0,650.0,257905221800.0,52,,1000000000
INN,CTCP Bao bì và In Nông nghiệp,UPCOM,Sản xuất công nghiệp,2021,0.3327,0.0,0.0446,0.048,18000000,1536423604000.0,1122460164000.0,49531681150.0,82309761365.0,0.0,224277067663.0,80316592520.0,994115392849.0,1464850051606.0,12903970992.0,124748016569.0,1466973905795.0,,0,1,70897067420.0,550029745400.0,,399744000000.0,572430418700.0,-59650394740.0,71518915347.0,-85196111470.0,53422794440.0,76879569210.0,712764360000.0,495550849500.0,0.271,238412179300.0,-36425195800.0,3751.0,705.0,312049396100.0,53,,1000000000
INN,CTCP Bao bì và In Nông nghiệp,UPCOM,Sản xuất công nghiệp,2022,0.3327,0.0,0.0451,0.0476,18000000,1710202317000.0,992749063200.0,52625342720.0,100741155174.0,0.0,236476671693.0,101571030000.0,1166859330609.0,1358092579035.0,7809693914.0,128190513975.0,1615343019169.0,,0,1,82551581690.0,592070847600.0,,423036000000.0,400678215600.0,273469988100.0,53496394470.0,-39370032150.0,109911179900.0,1280000000.0,598054188100.0,399398215600.0,0.1123,148672212000.0,-35908000000.0,4368.0,720.0,371307351400.0,54,,1000000000
INN,CTCP Bao bì và In Nông nghiệp,UPCOM,Sản xuất công nghiệp,2023,0.2406,0.0,0.0455,0.0379,18000000,1532155104000.0,1089703549000.0,57339448890.0,115414602315.0,0.0,236885247748.0,111506404800.0,911580429881.0,1230557389521.0,6805429033.0,131113011763.0,1425849729159.0,,0,1,99240927590.0,656961251300.0,,510786000000.0,432742297900.0,297617667900.0,43674139884.0,-242000459900.0,119887523600.0,1280000000.0,769517691200.0,431462297900.0,-0.1037,123739089300.0,-35902225000.0,5251.0,769.0,291893681100.0,55,,1000000000
INN,CTCP Bao bì và In Nông nghiệp,UPCOM,Sản xuất công nghiệp,2024,0.2406,0.0,0.0455,0.037,18000000,1767091792000.0,1206807055000.0,58556888671.0,127573880051.0,0.0,273141132556.0,134023335700.0,1051700918784.0,1544415704845.0,7398540285.0,158146467179.0,1647870432538.0,,0,1,113990460500.0,720980143900.0,,654480000000.0,485826911500.0,-53827490460.0,43136442172.0,106491169400.0,139472576300.0,1280000000.0,795699180200.0,484546911500.0,0.153,215206223600.0,-44882281250.0,6031.0,768.0,246012863600.0,56,,1000000000
KSB,CTCP Khoáng sản và Xây dựng Bình Dương,HOSE,Khai khoáng,2020,,0.0,0.287,0.129,66968478,1322455489093.0,3924850529198.0,88894108168.0,73055833430.0,481559607.0,758891961099.0,398359913939.0,58168871285.0,658847679324.0,0.0,381348629127.0,881292946570.0,,0,0,327761852317.0,1583967443762.0,,1635370232760.0,2340883085436.0,457376396262.0,105651201712.0,-170201896794.0,151556122436.0,938845851625.0,2382523920831.0,1402037233811.0,0.0064,47840139559.0,0.0,4379.0,359.0,80068752676.0,28,,1000000000
KSB,CTCP Khoáng sản và Xây dựng Bình Dương,HOSE,Khai khoáng,2021,,0.0,0.287,0.129,73259802,884273309528.0,3984854642787.0,55048941507.0,61720377587.0,273994619.0,444642663867.0,298348529417.0,88843034547.0,463330170605.0,0.0,237207167977.0,588824743774.0,,0,0,252812782617.0,1787856413072.0,,2810246004720.0,2196998229715.0,44234060083.0,170069371140.0,-172640696068.0,94189722384.0,965786951006.0,2100298588526.0,1231211278709.0,-0.3313,39114885484.0,0.0,2920.0,331.0,66921470290.0,29,,1000000000
KSB,CTCP Khoáng sản và Xây dựng Bình Dương,HOSE,Khai khoáng,2022,,0.0,0.31,0.09,76295802,859106395991.0,4242772246428.0,40304753828.0,52948621642.0,85586963.0,430831490717.0,180324316116.0,143423777710.0,531352527613.0,0.0,186240724076.0,635363432535.0,,0,0,152083434886.0,1940861114810.0,,1208144024670.0,2301911131618.0,129849164559.0,506999664482.0,-496408222217.0,122310178437.0,959944892586.0,2058952095072.0,1341966239032.0,-0.0284,28357356032.0,0.0,1717.0,310.0,84264509092.0,30,,1000000000
KSB,CTCP Khoáng sản và Xây dựng Bình Dương,HOSE,Khai khoáng,2023,,0.0,0.31,0.03,76295802,528624280295.0,4276640408536.0,12979768779.0,50431304194.0,0.0,198192973716.0,104562954428.0,110851739282.0,289718246071.0,0.0,51950504475.0,360743500991.0,,0,0,73765686756.0,1997736533052.0,,1728252506904.0,2278903875484.0,28989288407.0,217904249263.0,-96717941166.0,103747605098.0,1010999341709.0,1984914732339.0,1267904533775.0,-0.385,28547468767.0,0.0,802.0,241.0,78618951479.0,31,,1000000000
KSB,CTCP Khoáng sản và Xây dựng Bình Dương,HOSE,Khai khoáng,2024,0.0622,0.0,0.226,0.033,114443703,401275176502.0,4927312656996.0,14392764968.0,56565636616.0,0.0,131474371913.0,121731081732.0,92406553616.0,216518454136.0,0.0,95067379644.0,294557343015.0,,0,1,52962990927.0,2650788454530.0,,2122930690650.0,2276524202466.0,321893925712.0,303510405783.0,-887254504041.0,15826811638.0,1208439960386.0,2013574626937.0,1068084242080.0,-0.241,21466981472.0,0.0,477.0,225.0,53933440767.0,32,,1000000000
NNC,CTCP Đá Núi Nhỏ,HOSE,Khai khoáng,2020,0.0342,0.0,0.5422,0.1174,21920000,401540601460.0,391500488516.0,4898329123.0,17066844047.0,6152468806.0,231787880870.0,151157825947.0,20757936175.0,235267596949.0,3804200943.0,126655111774.0,267509486414.0,,0,1,121505367883.0,305464599543.0,,754793280000.0,86035888973.0,113942580162.0,599926821.0,13788289228.0,50805367536.0,2987779139.0,222056616752.0,83048109834.0,-0.2225,68002460519.0,-109254038350.0,4648.0,91.0,25564017303.0,45,,1000000000
NNC,CTCP Đá Núi Nhỏ,HOSE,Khai khoáng,2021,0.0342,0.0,0.5422,0.083,21920000,159041506887.0,354494400407.0,4348256070.0,6551814467.0,5976685422.0,110244347080.0,38677587622.0,6019794946.0,115282113239.0,4598053969.0,63030872140.0,126933530796.0,,0,0,38622174326.0,301557916283.0,,569700800000.0,52936484124.0,66124849645.0,1052876000.0,4304408144.0,81983690505.0,3237370615.0,191283256901.0,49699113509.0,-0.6039,71427623037.0,-39250934820.0,1621.0,65.0,21884764280.0,46,,1000000000
NNC,CTCP Đá Núi Nhỏ,HOSE,Khai khoáng,2022,0.034,0.0,0.5965,0.0638,21920000,80579832608.0,406852698663.0,2742218441.0,10101027826.0,5800902042.0,54850142530.0,18101000108.0,10826835634.0,56179595678.0,2774227773.0,26852930309.0,74597569278.0,,0,1,45054734783.0,351262839792.0,,434388640000.0,55589858871.0,44673933793.0,21720845265.0,-104617065896.0,21959479762.0,3709634527.0,211990094059.0,51880224344.0,-0.4933,68548068836.0,-81078640.0,1749.0,65.0,28634070451.0,47,,1000000000
NNC,CTCP Đá Núi Nhỏ,HOSE,Khai khoáng,2023,0.034,0.0,0.6002,0.0477,21920000,175941033105.0,431434399497.0,5163446544.0,9721846346.0,5625531059.0,72514377631.0,44961878114.0,23859370374.0,106153427549.0,192190573.0,40298544217.0,112494849131.0,,0,0,37271844865.0,374365042453.0,,400829120000.0,57069357044.0,45986061321.0,18516187507.0,-26074385559.0,34222387046.0,3903081793.0,229379470498.0,53166275251.0,1.1834,47925456014.0,-10911860765.0,1564.0,75.0,46125729442.0,48,,1000000000
NNC,CTCP Đá Núi Nhỏ,HOSE,Khai khoáng,2024,0.034,0.0,0.6002,0.0493,21920000,280070334347.0,485884969241.0,5976873628.0,13797479814.0,5512242122.0,96943290245.0,78761547494.0,38611523774.0,152112143837.0,766513392.0,54291699490.0,149141375371.0,,0,1,62607149256.0,420977695264.0,,501485760000.0,64907273977.0,97228840884.0,22878704307.0,-20804044271.0,96678014272.0,7258099762.0,236735767992.0,57649174215.0,0.5918,8428454364.0,-10706077100.0,2628.0,81.0,49739984201.0,49,,1000000000
SFI,CTCP Đại lý Vận tải SAFI,HOSE,Vận tải & Logistics,2020,0.167,0.0,,0.1023,15085305,1203172731199.0,702041366073.0,77664429853.0,19294401906.0,5479267020.0,1024746285119.0,97557073277.0,22023006705.0,1024665336459.0,199667440.0,952102145039.0,1121635023288.0,,0,0,82332644998.0,482381377520.0,,194902140600.0,219659988553.0,155173448725.0,12611152641.0,-56088769364.0,136330512608.0,1430350440.0,385066003926.0,218229638113.0,0.422216,274089186.0,-20022576900.0,5763.0,383.0,74663742443.0,28,,1000000000
SFI,CTCP Đại lý Vận tải SAFI,HOSE,Vận tải & Logistics,2021,0.1526,0.0,,0.056511,15753069,1851648593740.0,933648493033.0,76037359744.0,19342291259.0,2293949992.0,1608261439550.0,213958042895.0,31889078382.0,1618617388870.0,491155713.0,1477834334121.0,1713799840026.0,,0,0,175037638716.0,620111723695.0,,487809534654.0,313536769338.0,1609005031.0,19410506783.0,128160235180.0,231546309493.0,0.0,689908573929.0,313536769338.0,0.538972,762777306.0,-41388939675.0,8347.0,382.0,69160025558.0,29,,1000000000
SFI,CTCP Đại lý Vận tải SAFI,HOSE,Vận tải & Logistics,2022,0.1537,0.0,,0.0883,23816046,1724364161804.0,996424236673.0,75197656234.0,23122553355.0,2245000000.0,1485751404871.0,267620030527.0,21971361902.0,1531464818850.0,567231429.0,1425456954585.0,1581007388463.0,,0,1,214418568181.0,775921470267.0,,549293284944.0,220502766406.0,25729048021.0,21506178686.0,-53588769300.0,151852936933.0,0.0,611195454908.0,220502766406.0,-0.068741,49099056400.0,-63096475000.0,10081.0,387.0,75170702780.0,30,,1000000000
SFI,CTCP Đại lý Vận tải SAFI,HOSE,Vận tải & Logistics,2023,0.1331,0.0,,0.0947,23816046,1017527242605.0,890867347912.0,74971997727.0,23675886492.0,2295848610.0,955298549186.0,126931339680.0,1035656033.0,839147870437.0,2664805794.0,818620019861.0,921713667272.0,,0,1,103120257241.0,734679525200.0,,616454534664.0,156187822712.0,159159434802.0,383371267.0,70773144115.0,243643051621.0,91160000.0,576694622832.0,156096662712.0,-0.409912,46919481751.0,-137968458178.0,3445.0,372.0,58711796600.0,31,,1000000000
SFI,CTCP Đại lý Vận tải SAFI,HOSE,Vận tải & Logistics,2024,0.1658,0.0,,0.1027,24887046,1087771573724.0,920947023360.0,71117632758.0,21725493390.0,2276165274.0,844865589794.0,94602277830.0,1342658458.0,931199847169.0,5221223728.0,932608181838.0,1024003962214.0,,0,0,78384997675.0,763666260408.0,,657192223722.0,157280762952.0,35723568656.0,2325757171.0,6643615954.0,252466824362.0,91160000.0,627020287079.0,157189602952.0,0.069034,45520513988.0,-46314068000.0,4341.0,362.0,47128327697.0,32,,1000000000
SHI,CTCP Quốc tế Sơn Hà,HOSE,Sản xuất công nghiệp,2020,0.107,0.0,,0.0031,91107067,5360118267509.0,4504778128346.0,291082539110.0,144868999019.0,16206317738.0,437503691801.0,124370321543.0,2434804598013.0,4648590578635.0,9379090284.0,248641746139.0,3137918952870.0,,1,1,89506808314.0,1322729831815.0,,574156736234.0,3182048296531.0,252808170755.0,166640222844.0,-138919664588.0,227057158023.0,213104392151.0,3424719897446.0,2968943904380.0,0.11,1053176293319.0,-43384660500.0,484.0,1825.0,675971484182.0,22,,1000000000
SHI,CTCP Quốc tế Sơn Hà,HOSE,Sản xuất công nghiệp,2021,,0.0,,0.0018,100216847,7074612696137.0,5907405173007.0,364726161774.0,163348079606.0,16218735917.0,671751424453.0,182474832684.0,4118734810823.0,6776027288866.0,11857256247.0,409162884273.0,5102354629120.0,,1,1,136682299581.0,1364398057274.0,,1388103547797.0,4543007115733.0,-230055620364.0,105449428561.0,-211633173173.0,173879995491.0,480143513942.0,4657232545178.0,4062863601791.0,0.31,1628148408354.0,-78871947353.0,888.0,2118.0,654778448711.0,23,,1000000000
SHI,CTCP Quốc tế Sơn Hà,HOSE,Sản xuất công nghiệp,2022,,0.0,,0.0011,169950000,7977478885843.0,7330796432276.0,351669824574.0,176952473742.0,15437763094.0,625678770302.0,122308079279.0,4430399812061.0,7182355022678.0,22580435797.0,370535259815.0,5350753584504.0,,1,1,87256493352.0,1960441341303.0,,2418898350000.0,5370355090973.0,-192271781692.0,1136108307172.0,-1147711098452.0,183916538854.0,603329041033.0,5592427754449.0,4767026049940.0,0.13,1734810426539.0,-20287730993.0,382.0,2075.0,675288798218.0,24,,1000000000
SHI,CTCP Quốc tế Sơn Hà,HOSE,Sản xuất công nghiệp,2023,0.107,0.0,,0.0011,161857589,9605345279055.0,7581785262691.0,287175971417.0,162017630666.0,452109308921.0,497601536674.0,106659640926.0,4555396761526.0,8252436606917.0,7288412410.0,297374498914.0,5304688472699.0,,1,1,59089568364.0,2007417766420.0,,2095732062372.0,5574367496271.0,236404715440.0,388648753318.0,-432535712977.0,79184958927.0,710604022691.0,5610598077038.0,4863763473580.0,0.190694,1218736777919.0,-4275211087.0,102.0,477.0,623335763659.0,25,,1000000000
SHI,CTCP Quốc tế Sơn Hà,HOSE,Sản xuất công nghiệp,2024,0.107,0.0,0.1851,0.0031,161857589,11257066116591.0,9453438472289.0,379011339754.0,181975504820.0,487027783731.0,596787025980.0,112998492416.0,3556891225184.0,10467193627660.0,4380576881.0,425822642721.0,4412710904632.0,,1,1,108368553705.0,2102297644325.0,,2427054547055.0,7351140827964.0,8469076922.0,639204234602.0,-578804901047.0,102786809902.0,1002370077404.0,7267564574280.0,6348770750560.0,0.168189,1380176539305.0,-1931380994.0,476.0,1641.0,558110267811.0,26,,1000000000
SMC,CTCP Đầu tư Thương mại SMC,HOSE,Thương mại,2020,0.3827,0.0,,0.337,60922941,15734957561413.0,6721246505583.0,197436219519.0,211257402121.0,138835350099.0,581102937879.0,368853350463.0,2601531858973.0,194105053393514.0,0.0,429244757041.0,3394145520320.0,,0,1,316100689994.0,1584290742605.0,,950032341954.0,5136955762978.0,444686324457.0,54703993896.0,-291101325485.0,1183353090185.0,53661800641.0,5516482658175.0,5083293962337.0,-0.07,1803930918481.0,-58932942200.0,5020.0,1136.0,512645488973.0,16,,1000000000
SMC,CTCP Đầu tư Thương mại SMC,HOSE,Thương mại,2021,0.4089,0.0,,0.2089,60922941,21315015477261.0,9005778911345.0,219066075994.0,127199563622.0,138317948043.0,994566108203.0,1096858279209.0,2792717459581.0,20575218716717.0,0.0,885893725299.0,3575695403586.0,,0,1,901050511024.0,2418877197467.0,,2094469788639.0,6586901713878.0,-752284349693.0,537665369252.0,-636331942140.0,624568484588.0,466408913884.0,7021183485885.0,6120492799994.0,0.35,2544487868635.0,-60922941000.0,14124.0,1332.0,648373972428.0,17,,1000000000
SMC,CTCP Đầu tư Thương mại SMC,HOSE,Thương mại,2022,0.4079,0.0,,0.2031,73606837,23181579818716.0,8329093955830.0,209785898048.0,123433305078.0,139348961585.0,1173731662196.0,-615242862927.0,3395615282117.0,22239492366475.0,595081281.0,1006112827506.0,4720557065011.0,,0,1,-651831083741.0,1723068883226.0,,711778113790.0,6606025072604.0,400206170794.0,85839623436.0,-3019775037.0,813933205557.0,613560561250.0,6272892840592.0,5992464511354.0,0.09,1564776614788.0,-30461470500.0,-8760.0,1399.0,740501293482.0,18,,1000000000
SMC,CTCP Đầu tư Thương mại SMC,HOSE,Thương mại,2023,0.406,0.0,,0.202,73606837,13701576034586.0,6178691063726.0,122841658513.0,623223853484.0,138469319169.0,746981175620.0,-913554361607.0,1338203495095.0,12916607678098.0,3059875546.0,615521414765.0,2260483034907.0,,0,1,-925299043177.0,797769840049.0,,754470079250.0,5380921223677.0,441580036802.0,216421680681.0,43841019610.0,669710791326.0,373915848733.0,3981869829063.0,5007005374944.0,-0.41,841377700626.0,0.0,-12027.0,1155.0,1012009354742.0,19,,1000000000
SMC,CTCP Đầu tư Thương mại SMC,HOSE,Thương mại,2024,0.469,0.0,,0.203,73606837,8929794811796.0,4778182548265.0,91911028525.0,-95466546960.0,103782776197.0,460117824534.0,11977042638.0,2360772353686.0,8710444132239.0,1322497781.0,325798693670.0,2955534527372.0,,0,1,12074172964.0,809844013013.0,,615353157320.0,3968338535252.0,-508075438005.0,0.0,610294584668.0,143281861697.0,259054597276.0,3086659368507.0,3709283937976.0,-0.35,627737119083.0,0.0,397.0,864.0,829878313043.0,20,,1000000000
VFG,CTCP Khử trùng Việt Nam,HOSE,Hóa chất,2020,0.0368,,0.0365,0.0275,32086864,1883771417605.0,1839713382719.0,-268375629385.0,-38778388057.0,55001732796.0,857263738546.0,213689420322.0,538514169612.0,-1561605890113.0,8571814944.0,137850634411.0,1657691662234.0,,1,1,163370547212.0,967789942229.0,,849788506176.0,871923440490.0,-100973396237.0,3594504221.0,46676445630.0,329808777912.0,38670541051.0,1453000678609.0,833252899439.0,-0.08,709129429682.0,-79201500250.0,4437.0,1268.0,117327312691.0,27,,1000000000
VFG,CTCP Khử trùng Việt Nam,HOSE,Hóa chất,2021,0.033,,0.0363,0.0261,32086864,2076105673412.0,1899745184773.0,-272368161162.0,-38700263685.0,53586203002.0,965582951672.0,203580029954.0,633663998846.0,-1671799007602.0,11209425621.0,219588953187.0,1874393492955.0,,1,1,165051187390.0,1018947833993.0,,1021709923488.0,880797350780.0,776998925418.0,1879704128.0,10883528349.0,692146001851.0,36438021051.0,1520309833588.0,44070336995.0,0.058849,605202380985.0,-95091163850.0,4224.0,1269.0,107775233019.0,28,,1000000000
VFG,CTCP Khử trùng Việt Nam,HOSE,Hóa chất,2022,0.0375,,0.5488,0.0266,41712614,2976781079922.0,2756470776119.0,-388581305582.0,-54535187552.0,56354093757.0,1130944522081.0,285674035358.0,1206059261601.0,-1821612228615.0,9082598620.0,297991122207.0,2729880614439.0,,1,1,229164235398.0,1139296722199.0,,1179632723920.0,1617174053920.0,-83005654272.0,13261878101.0,-503850886754.0,208420873572.0,2311062676.0,2387283735919.0,1614362991244.0,0.461459,1050249601987.0,-79277280000.0,4805.0,1394.0,105202196451.0,29,,1000000000
VFG,CTCP Khử trùng Việt Nam,HOSE,Hóa chất,2023,0.038,,0.55,0.0274,41712614,3262419854557.0,2945607648935.0,353026887379.0,81595742730.0,54652817494.0,1870828300648.0,376927313184.0,629357133289.0,-2471198374666.0,8258347317.0,190189286681.0,2947065098049.0,,1,1,295577433645.0,1245627587805.0,,1332217465932.0,1699980061130.0,-7314666610.0,15109027506.0,-118319689638.0,129881543766.0,1993449076.0,2572762883973.0,1697986612054.0,0.094245,1062519677715.0,-144234793500.0,6124.0,1390.0,98583969763.0,30,,1000000000
VFG,CTCP Khử trùng Việt Nam,HOSE,Hóa chất,2024,0.0372,,0.5493,0.0237,41712614,3497261422831.0,2495777592059.0,439033274534.0,91177951491.0,53644494712.0,184296574654.0,568426380706.0,737065340545.0,2471861435128.0,7853966955.0,47443200282.0,1416956198262.0,,1,1,471270606233.0,1605876352574.0,,3146340761406.0,889901239485.0,150837498043.0,15001682246.0,896502047282.0,800792811413.0,16297060756.0,2206932220207.0,873604178729.0,0.07028,945932893417.0,-175093830955.0,10143.0,1433.0,196548152050.0,31,,1000000000
WCS,CTCP Bến xe Miền Tây,UPCOM,Vận tải & Logistics,2020,0.5114,0.0051,,0.2624,2500000,111015268591.0,195388578657.0,0.0,10439961338.0,515669022.0,15899164806.0,61292565279.0,258810602.0,52502744320.0,,7700503597.0,62947293913.0,,0,0,56146293239.0,165819432371.0,,370580000000.0,29569146286.0,29431375789.0,4233929383.0,174814081074.0,98990357151.0,4388163539.0,167135621484.0,25180982747.0,-0.168853,60406200.0,-129000000000.0,18174.0,185.0,26530790314.0,14,,1000000000
WCS,CTCP Bến xe Miền Tây,UPCOM,Vận tải & Logistics,2021,0.1012,0.0051,,0.2783,2500000,54739151576.0,185753796458.0,0.0,8725330879.0,328511998.0,13004455733.0,11096866793.0,156603180.0,40586318734.0,,5560307181.0,49344053813.0,,0,0,11663529548.0,166526961919.0,,329707500000.0,19226834539.0,-5032868205.0,,46314052850.0,135271541796.0,4199288539.0,158661112561.0,15027546000.0,0.5071,28002000.0,-5000000000.0,2283.0,166.0,25873448899.0,15,,1000000000
WCS,CTCP Bến xe Miền Tây,UPCOM,Vận tải & Logistics,2022,0.6112,0.0051,,0.2802,2500000,94055510414.0,217600588007.0,0.0,13416992843.0,1350002173.0,16003843431.0,43928640410.0,162538764.0,44073000624.0,,7334527070.0,57502383467.0,,0,0,38108392450.0,190910271095.0,,302952500000.0,26690316912.0,34858846210.0,3508937913.0,-152914434931.0,12215953075.0,3969130874.0,192097235663.0,22721186038.0,2.28897,15612000.0,-5000000000.0,11753.0,163.0,23152277128.0,16,,1000000000
WCS,CTCP Bến xe Miền Tây,UPCOM,Vận tải & Logistics,2023,0.6112,0.0051,,0.2847,2500000,140258530825.0,284204982878.0,0.0,18674989124.0,1219040178.0,20634503931.0,78801653681.0,234907472.0,55182586104.0,,10303931846.0,73773971228.0,,0,0,66481743176.0,202912675278.0,,339477500000.0,81292307600.0,61003278264.0,7340478421.0,-24083696694.0,44135534645.0,4239855874.0,255661059251.0,77052451726.0,0.49,99216000.0,-5000000000.0,20705.0,161.0,25424039484.0,17,,1000000000
WCS,CTCP Bến xe Miền Tây,UPCOM,Vận tải & Logistics,2024,0.1012,0.0051,,0.2859,2500000,158282285993.0,307619509302.0,0.0,17053901578.0,3610898880.0,22044775786.0,88959225725.0,317961108.0,62893461646.0,,10622602470.0,79949385224.0,,0,0,75470841165.0,265593516443.0,,531352500000.0,42025992859.0,57811043013.0,11082268382.0,69501414257.0,131447991915.0,4066671527.0,273541568116.0,37959321332.0,0.13,97194000.0,-40000000000.0,25072.0,162.0,29456401929.0,18,,1000000000
