StockCode,Company,Exchange,Industry,YearEnd,Managerial/Inside ownership,State ownership,Institutional ownership,Foreign ownership,Total share outstanding,Net sales revenue,Total assets,Selling expenses,General and administrative expenditure,Value of intangible assets,Manufacturing overhead (Indirect cost),Net operating income,Consumption of raw material,Merchandise purchase of the year,Work-in-progress goods purchase,Outside manufacturing expenses,Production cost,R&D expenditure,Product innovation,Process innovation,Evidence note,Net Income,Total shareholders' equity,Share price,Market value of equity,Total liabilities,Net cash from operating activities,Capital expenditure,Cash flows from investing activities,Cash and cash equivalent,Long-term debt,Current assets,Current liabilities,Growth ratio,Total inventory,Divident payment,EPS,Number of employees,"Net plant, property and equipment",Firm age
ASG,CTCP Xuất nhập khẩu Thủy sản An Giang,HOSE,Thủy sản,2020,0.0273,0.0,0.3219,0.0077,63044964,688.1,1996.45,8.06,91.78,0.88,407.05,74.78,42.77,507.85,0.73,327.81,599.5,,1,1,product + process innovation,58.29,1322.16,29893.0,1884.6,674.29,119.2,44.56,-403.1,367.6,336.22,1082.1,338.07,-0.2235,9.01,-77.12,1361.0,1120.0,341.41,10
ASG,CTCP Xuất nhập khẩu Thủy sản An Giang,HOSE,Thủy sản,2021,0.0269,0.0,0.2699,0.0082,75653891,722.2,2140.07,5.16,103.63,0.67,428.43,59.18,55.31,546.51,0.56,351.25,633.17,,0,1,implemented new manufacturing process,34.94,1380.88,26818.0,2028.89,759.19,70.74,24.45,332.47,137.34,344.28,631.17,414.91,0.05,14.07,-14.71,794.0,1122.0,352.63,11
ASG,CTCP Xuất nhập khẩu Thủy sản An Giang,HOSE,Thủy sản,2022,0.0949,0.0,0.27,0.008,75653891,1979.51,3030.95,8.38,196.1,37.37,1240.68,202.72,251.56,1634.59,0.5,1099.19,1797.4,,1,1,product + process innovation,152.23,1824.87,23455.0,1774.46,1206.07,237.63,37.85,-221.63,206.72,606.17,1737.73,599.9,1.7409,33.76,-5.21,1191.0,1846.0,491.44,12
ASG,CTCP Xuất nhập khẩu Thủy sản An Giang,HOSE,Thủy sản,2023,0.0949,0.0,0.27,0.009,75653892,1919.85,3050.11,12.37,173.0,35.77,1240.3,56.13,294.16,1669.7,0.12,1061.57,1861.86,,1,1,product + process innovation,27.02,1850.41,19500.0,1475.25,1203.3,148.67,83.46,-124.3,165.73,531.2,1734.85,668.5,-0.0301,32.53,-30.46,53.0,1887.0,424.55,13
ASG,CTCP Xuất nhập khẩu Thủy sản An Giang,HOSE,Thủy sản,2024,0.0949,0.0,0.28,0.01,90784669,1915.53,3270.9,17.5,198.95,34.2,1202.06,78.86,257.53,1606.06,0.1,1019.18,1835.4,,1,1,product + process innovation,53.48,2031.95,18300.0,1661.36,1238.95,144.52,314.09,-200.63,275.93,261.37,1759.01,977.57,-0.0022,28.05,-20.12,319.0,2000.0,418.98,14
C32,CTCP Đầu tư Xây dựng 3-2,HOSE,Xây dựng & Bất động sản,2020,0.02354,0.0,,0.13451,15029145,638.22,975.88,35.15,4.06,62.0,167.15,91.94,155.3,500.55,6.12,134.89,375.21,,0,1,implemented new manufacturing process,83.11,550.27,11364.0,170.77,425.62,59.67,19.95,-38.39,90.43,42.63,489.07,382.99,-0.2045,67.11,-36.07,5070.0,263.0,135.23,27
C32,CTCP Đầu tư Xây dựng 3-2,HOSE,Xây dựng & Bất động sản,2021,0.0235,0.0,,0.04104,15029145,515.89,973.03,24.84,21.91,60.32,170.93,81.85,189.35,448.94,6.16,122.7,398.14,,0,1,implemented new manufacturing process,75.29,583.9,14694.0,220.84,389.13,-13.4,6.8,129.64,113.76,38.39,541.35,350.74,-0.1917,72.31,-18.04,4618.0,218.0,132.68,28
C32,CTCP Đầu tư Xây dựng 3-2,HOSE,Xây dựng & Bất động sản,2022,0.0235,0.0,,0.0448,15029145,571.76,1010.45,22.09,17.36,58.73,137.23,16.53,234.78,512.1,9.16,90.57,409.58,,0,1,implemented new manufacturing process,20.51,587.2,8728.0,131.17,423.24,-105.02,3.02,-2.96,97.86,29.1,578.58,394.14,0.1084,74.4,-36.07,1298.0,224.0,110.62,29
C32,CTCP Đầu tư Xây dựng 3-2,HOSE,Xây dựng & Bất động sản,2023,0.01789,0.0,,0.03837,15029145,494.12,864.51,27.79,40.74,56.89,144.16,-28.22,8.13,515.52,8.07,106.98,176.67,,0,1,implemented new manufacturing process,-26.98,535.93,8418.0,126.52,328.58,-9.96,5.0,90.19,63.22,0.0,462.59,328.58,-0.1358,95.8,-15.03,-1248.0,222.0,94.77,30
C32,CTCP Đầu tư Xây dựng 3-2,HOSE,Xây dựng & Bất động sản,2024,0.2612,0.0,,0.01056,15029145,626.83,788.59,27.34,21.75,51.66,128.11,5.78,204.39,558.63,8.6,101.25,377.43,,0,0, no innovation reported,8.13,543.63,8819.0,132.54,244.96,61.43,6.17,1.16,49.05,0.04,293.45,244.92,0.268,85.6,0.0,377.0,207.0,86.62,31
CAP,CTCP Lâm Nông sản Thực phẩm Yên Bái,UPCOM,Thực phẩm & Đồ uống,2020,0.3397,,0.0001,0.0197,5236023,375.71,116.25,8.98,23.73,0.03,27.09,36.39,278.63,302.1,1.05,15.63,334.23,,0,1,implemented new manufacturing process,30.12,85.88,10092.0,52.84,30.37,27.7,21.26,-20.29,39.63,0.03,76.36,30.37,-0.1511,11.51,-18.33,5292.0,500.0,23.88,48
CAP,CTCP Lâm Nông sản Thực phẩm Yên Bái,UPCOM,Thực phẩm & Đồ uống,2021,0.3429,,0.0001,0.0181,5236023,517.97,152.69,12.45,17.78,0.0,31.31,67.05,366.2,423.83,2.06,15.47,421.04,,0,1,implemented new manufacturing process,57.25,119.48,24354.0,127.52,33.21,82.44,22.89,-22.18,78.94,0.03,100.67,33.18,0.3787,15.17,-20.94,10059.0,603.0,47.84,49
CAP,CTCP Lâm Nông sản Thực phẩm Yên Bái,UPCOM,Thực phẩm & Đồ uống,2022,0.2373,,7e-05,0.006,7853968,657.02,233.02,30.65,22.36,0.0,70.63,127.62,384.55,480.95,2.5,40.19,532.81,,0,1,implemented new manufacturing process,106.05,194.19,31805.0,249.8,38.83,104.75,5.34,-4.35,153.56,0.03,188.52,38.8,0.2648,17.15,-26.18,12558.0,542.0,38.02,50
CAP,CTCP Lâm Nông sản Thực phẩm Yên Bái,UPCOM,Thực phẩm & Đồ uống,2023,0.2391,,0.0076,0.0122,10052920,611.39,292.17,34.06,23.53,0.0,78.42,132.22,361.09,444.39,2.4,50.63,505.03,,0,1,implemented new manufacturing process,114.41,265.01,46109.0,463.53,27.16,80.39,6.63,-120.1,80.96,0.03,256.04,27.14,-0.0681,31.49,-32.97,10584.0,462.0,32.53,51
CAP,CTCP Lâm Nông sản Thực phẩm Yên Bái,UPCOM,Thực phẩm & Đồ uống,2024,0.2501,,0.0036,0.0112,15079284,591.75,269.96,26.37,23.85,0.0,55.53,41.43,511.0,584.4,2.15,29.44,634.79,,0,1,implemented new manufacturing process,30.92,239.95,40716.0,613.97,30.02,-51.02,7.31,115.59,94.47,0.03,243.98,29.99,-0.0335,115.59,-50.24,2922.0,400.0,21.47,52
CLC,CTCP Cát Lợi,HOSE,Thực phẩm & Đồ uống,2020,0.0015,,0.0432,0.0216,26207583,1899.75,911.62,24.46,61.22,4.84,,161.05,,1630.78,0.44,3.96,,,0,0,no innovation reported,128.95,730.64,21263.0,557.13,180.98,227.57,0.29,-0.0,55.82,0.51,839.02,180.48,0.015,599.57,-0.08,4477.0,307.0,54.1,28
CLC,CTCP Cát Lợi,HOSE,Thực phẩm & Đồ uống,2021,0.0013,,0.0412,0.0194,26207583,2142.1,1050.17,27.06,76.07,4.46,137.89,177.4,1670.96,1992.1,0.02,53.45,1947.83,,0,0,no innovation reported,142.2,773.99,25858.0,677.68,276.18,-14.25,4.08,10.06,61.97,0.51,839.02,275.67,0.1276,734.66,-78.62,4651.0,308.0,26.58,29
CLC,CTCP Cát Lợi,HOSE,Thực phẩm & Đồ uống,2022,0.00065,,0.0408,0.0242,26207583,2304.87,1385.11,31.7,78.1,4.16,144.5,174.7,1807.88,2274.17,0.07,57.07,2085.31,,0,1,implemented new manufacturing process,140.45,841.64,23912.0,626.68,543.47,-94.74,40.09,-39.93,24.02,0.51,1340.99,542.97,0.076,1026.57,-65.52,4823.0,304.0,33.5,30
CLC,CTCP Cát Lợi,HOSE,Thực phẩm & Đồ uống,2023,0.007,,0.0408,0.0257,26207583,2970.83,1566.79,34.71,78.42,4.52,136.24,180.05,2444.7,2707.44,0.04,61.94,2710.0,,0,1,implemented new manufacturing process,143.98,875.6,30997.0,812.36,691.2,100.39,41.55,-41.39,27.68,0.51,1452.79,690.69,0.289,1094.84,-91.73,4820.0,297.0,20.34,31
CLC,CTCP Cát Lợi,HOSE,Thực phẩm & Đồ uống,2024,0.0084,,0.0407,0.0208,26207583,3691.72,1955.28,45.18,112.99,3.62,206.83,189.49,3051.47,3581.6,0.13,64.85,3406.83,,0,1,implemented new manufacturing process,150.23,909.8,46958.0,1230.66,1045.47,-130.96,88.61,-94.53,32.04,20.78,1841.28,1024.69,0.2426,1391.72,-104.83,5159.0,301.0,106.88,32
CLL,CTCP Cảng Cát Lái,UPCOM,Vận tải & Logistics,2020,0.00084,0.4769,,0.0727,34000000,386.24,705.66,0.67,21.13,81.4,223.8,114.52,24.45,264.65,,157.77,283.36,,0,1,implemented new manufacturing process,98.53,647.1,21328.0,725.15,58.56,156.66,7.6,56.39,174.58,1.34,297.07,57.22,0.1029,1.07,-75.81,2674.0,38.0,225.29,13
CLL,CTCP Cảng Cát Lái,UPCOM,Vận tải & Logistics,2021,0.00084,0.4769,,0.0725,34000000,264.28,640.14,0.1,15.15,79.74,132.3,102.14,17.64,90.16,,63.11,176.97,,0,0, no innovation reported,88.55,625.41,24431.0,830.65,14.73,103.43,5.66,20.59,218.76,0.0,340.54,14.73,-0.3158,2.37,-74.45,2401.0,37.0,119.25,14
CLL,CTCP Cảng Cát Lái,UPCOM,Vận tải & Logistics,2022,0.00084,0.4769,,0.0691,34000000,263.73,704.0,3.45,23.56,78.17,117.45,109.93,20.94,69.94,,59.97,165.51,,0,0, no innovation reported,90.63,650.37,19915.0,677.11,53.62,120.48,13.64,-30.47,221.03,0.0,355.36,53.62,-0.0021,1.08,-80.75,2532.0,39.0,153.36,15
CLL,CTCP Cảng Cát Lái,UPCOM,Vận tải & Logistics,2023,0.00103,0.4769,,0.1018,34000000,306.29,612.87,1.75,20.64,76.57,149.73,115.59,22.97,66.13,,98.34,202.72,,0,1,implemented new manufacturing process,93.41,590.89,32128.0,1092.35,21.97,116.33,4.63,146.26,228.17,0.0,340.06,21.97,0.1614,5.19,-123.82,2711.0,39.0,94.48,16
CLL,CTCP Cảng Cát Lái,UPCOM,Vận tải & Logistics,2024,0.017866,0.4769,,0.1059,34000000,322.59,618.21,1.11,28.0,74.98,163.22,119.59,21.56,58.48,1.32,114.96,215.69,,0,1,implemented new manufacturing process,95.92,593.27,33168.0,1127.71,24.94,51.56,13.05,-100.19,91.73,0.0,350.81,24.94,0.0532,5.53,-87.81,2723.0,39.0,77.97,17
CMX,CTCP Camimex Group,HOSE,Thủy sản,2020,0.1676,0.0,0.2312,0.1415,30408751,1424.59,1492.67,40.09,36.5,0.62,131.25,71.5,1218.25,1264.12,0.0,62.72,1455.93,,1,1,product + process innovation,60.14,557.69,14245.0,433.17,934.97,-12.82,91.26,-139.27,6.28,32.28,929.8,902.69,0.4992,602.35,0.0,1767.0,1103.0,309.7,15
CMX,CTCP Camimex Group,HOSE,Thủy sản,2021,0.2477,0.0,0.0015,0.0779,90817502,2093.65,2421.58,91.92,59.13,0.39,563.59,95.49,1827.0,2046.37,0.0,100.28,2198.25,,1,1,product + process innovation,83.52,1296.16,17398.0,1580.04,1125.43,-357.45,18.12,-421.04,26.84,228.88,1729.57,896.55,0.4603,862.5,0.0,1595.0,1308.0,311.6,16
CMX,CTCP Camimex Group,HOSE,Thủy sản,2022,0.221,0.0,0.0035,0.104,101898990,2414.2,2214.2,111.43,49.26,45.12,284.5,121.09,1997.47,2661.33,0.0,150.82,2426.68,,0,1,implemented new manufacturing process,106.91,966.08,7600.0,774.43,1248.12,-253.69,65.47,-70.45,5.84,23.91,1668.49,1224.21,0.1615,880.29,0.0,1700.0,1335.0,299.41,17
CMX,CTCP Camimex Group,HOSE,Thủy sản,2023,0.2212,0.0,0.004,0.1533,101898990,2040.09,3425.76,56.0,77.6,45.88,216.52,91.97,1396.07,2119.83,0.0,74.1,1754.52,,1,1,product + process innovation,66.95,1494.17,8720.0,888.56,1931.59,-121.97,327.43,-341.83,32.03,356.36,2104.4,1575.22,-0.1596,1333.2,0.0,479.0,1482.0,405.44,18
CMX,CTCP Camimex Group,HOSE,Thủy sản,2024,0.2209,0.0,0.0036,0.1736,101898990,2980.88,3716.53,103.39,95.3,45.06,324.34,66.08,1325.1,2878.88,0.0,127.56,1843.3,,1,1,product + process innovation,66.25,1663.36,7870.0,801.95,2053.17,-56.21,56.83,-123.74,166.15,814.81,2675.38,1238.36,0.4559,1588.9,0.0,549.0,1506.0,360.85,19
CTF,CTCP City Auto,HOSE,Thương mại,2020,0.177491,0.0,0.1326,0.002,45539968,5644.02,1578.7,189.27,103.08,84.74,194.03,-6.57,5321.2,5177.72,8.01,47.27,5627.24,,0,1,implemented new manufacturing process,1.43,532.33,14512.0,660.88,1046.36,120.88,13.84,-39.3,39.58,177.04,968.2,869.32,-0.1151,299.35,-0.63,22.0,1135.0,76.11,11
CTF,CTCP City Auto,HOSE,Thương mại,2021,,0.0,0.0884,0.0049,72397776,4508.69,1762.09,154.23,82.45,84.66,127.97,47.03,4193.33,4243.31,5.45,33.75,4453.78,,0,1,implemented new manufacturing process,51.83,811.83,15678.0,1135.05,950.26,-150.38,12.7,-5.63,55.47,66.95,1196.24,883.31,-0.2044,325.14,-0.1,741.0,1268.0,74.8,12
CTF,CTCP City Auto,HOSE,Thương mại,2022,,0.0,0.0891,0.00065,76017542,6306.54,2526.7,265.89,135.85,87.58,191.56,131.67,5742.97,5909.22,9.31,62.62,6115.12,,1,1,product + process innovation,117.53,924.65,26804.0,2037.57,1602.05,-543.28,53.04,-80.57,74.55,128.76,1733.81,1473.3,0.3958,476.41,-0.66,1513.0,1331.0,85.78,13
CTF,CTCP City Auto,HOSE,Thương mại,2023,0.1855,0.0,0.0891,0.0239,89396463,7100.78,3657.46,307.13,112.62,86.96,276.51,17.08,6670.53,6828.25,8.21,70.46,7110.51,,1,1,product + process innovation,44.05,1074.66,29269.0,2616.55,2582.8,-643.75,53.13,-302.91,61.18,362.5,2591.99,2220.3,0.1599,613.89,-0.02,517.0,1304.0,100.04,14
CTF,CTCP City Auto,HOSE,Thương mại,2024,0.1971,0.0,0.0902,0.0326,95653859,8174.07,3917.63,344.27,138.43,86.7,307.17,40.47,7687.81,7700.59,9.81,84.17,8183.21,,1,1,product + process innovation,47.94,1122.51,21463.0,2053.02,2795.12,-190.47,19.2,119.71,69.03,377.16,2780.52,2417.96,0.1564,613.98,-4.49,519.0,226.0,122.41,15
DHA,CTCP Hóa An,HOSE,Hóa chất,2020,0.0264,0.0,0.4098,0.1267,15119946,382.49,475.44,0.37,17.66,47.63,219.24,122.25,22.52,260.78,0.0,146.21,278.81,,1,1,product + process innovation,98.27,428.69,30217.0,456.88,46.75,105.69,0.0,-86.7,36.72,5.08,318.56,41.66,0.1537,0.14,-51.56,6273.0,121.0,17.71,40
DHA,CTCP Hóa An,HOSE,Hóa chất,2021,0.0165,0.0,0.3364,0.1391,15119946,337.42,531.22,0.1,15.78,42.13,203.54,109.62,20.54,242.37,0.0,133.3,258.25,,1,1,product + process innovation,90.25,468.58,37964.0,574.01,62.64,138.31,0.0,2.72,133.57,5.53,393.9,57.11,-0.1178,0.14,-44.18,5884.0,118.0,16.44,41
DHA,CTCP Hóa An,HOSE,Hóa chất,2022,0.0646,0.0,0.3381,0.1837,15119946,387.82,491.41,0.01,16.58,37.16,240.97,64.73,27.06,284.9,0.0,161.81,301.57,,1,1,product + process innovation,52.33,442.37,27414.0,414.5,49.05,-0.1,2.15,1.06,60.9,5.95,369.28,43.09,0.1494,0.06,-73.64,3412.0,117.0,16.01,42
DHA,CTCP Hóa An,HOSE,Hóa chất,2023,0.0587,0.0,0.2919,0.1227,15119946,375.4,469.1,0.08,30.42,32.18,242.58,114.07,25.56,272.9,0.0,178.74,301.2,,1,1,product + process innovation,87.05,410.77,43915.0,663.99,58.33,169.02,0.37,3.23,116.16,6.4,359.93,51.93,-0.032,2.26,-116.99,5912.0,114.0,13.18,43
DHA,CTCP Hóa An,HOSE,Hóa chất,2024,0.0845,0.0,0.3051,0.0951,15119946,296.19,470.45,0.02,23.26,27.21,190.07,75.61,16.68,207.27,0.0,136.48,232.75,,1,1,product + process innovation,51.71,427.21,40471.0,611.92,43.24,-101.73,6.98,101.19,85.96,6.72,368.32,36.52,-0.211,0.06,-29.45,3512.0,108.0,16.74,44
DNP,CTCP DNP Holding,HOSE,Cao su & Nhựa,2020,,0.0,0.3235,0.0053,109154493,3288.65,9731.76,205.2,262.85,371.09,768.13,33.37,1968.27,2782.15,20.72,416.92,3182.41,,1,0,launched new product line,27.09,2754.86,18000.0,1964.78,6976.9,227.62,399.09,-1113.52,107.1,4402.59,3129.32,2574.32,0.1666,593.26,-5.45,132.0,,4686.31,44
DNP,CTCP DNP Holding,HOSE,Cao su & Nhựa,2021,0.1128,0.0,0.3166,0.0024,118909913,6237.42,14040.01,336.08,390.96,1830.8,1253.61,-0.21,4026.46,5920.9,29.28,,5976.97,,1,1,product + process innovation,22.75,3916.17,19500.0,2318.74,10123.84,158.26,677.29,-1453.58,129.49,6462.09,4760.22,3661.75,0.9164,1251.79,-19.51,76.0,4219.0,5360.4,45
DNP,CTCP DNP Holding,HOSE,Cao su & Nhựa,2022,0.1118,0.0,,,118909913,7692.85,16528.85,444.84,434.15,1654.54,1407.28,157.1,5046.79,6639.35,18.04,,7286.79,,1,1,product + process innovation,94.85,4560.89,24000.0,2853.84,11967.97,-313.53,996.21,-306.9,658.94,5790.17,7603.84,6177.8,0.2275,1487.6,-22.06,37.0,4356.0,5129.41,46
DNP,CTCP DNP Holding,HOSE,Cao su & Nhựa,2023,,0.0,,,118909913,7579.41,16076.74,475.8,442.84,1607.65,1567.86,192.7,4842.36,6274.33,8.95,,7176.09,,1,1,product + process innovation,127.93,4658.5,22000.0,2616.02,11418.25,514.36,304.56,-743.0,727.17,5319.43,8307.33,6098.81,0.0022,1503.26,-20.56,340.0,3671.0,4113.56,47
DNP,CTCP DNP Holding,HOSE,Cao su & Nhựa,2024,0.0428,0.0,,,140966036,8898.42,17673.46,527.12,467.26,1324.85,1601.59,431.19,5982.76,7470.3,10.39,,8384.73,,1,1,product + process innovation,191.79,6075.28,20500.0,2889.8,11598.18,640.71,441.93,527.66,1320.57,5755.97,8859.01,5842.21,0.1688,1582.97,-20.5,336.0,3868.0,5710.51,48
DPR,CTCP Cao su Đồng Phú,HOSE,Cao su & Nhựa,2020,0.000237,0.5581,0.0115,0.1169,40124790,1137.6,3775.42,19.32,91.54,1.4,262.74,258.4,315.07,850.54,38.86,31.94,964.26,,1,1,product + process innovation,211.69,2332.49,17862.0,716.71,1450.32,86.49,94.27,249.24,366.15,893.92,1228.19,556.4,0.1014,162.34,-205.65,4435.0,2859.0,1546.04,39
DPR,CTCP Cao su Đồng Phú,HOSE,Cao su & Nhựa,2021,0.000295,0.5581,0.0358,0.0786,43000000,1216.84,4032.49,32.85,85.67,1.23,237.71,352.35,249.54,842.83,44.94,43.03,875.59,,1,1,product + process innovation,472.58,2744.4,30534.0,1312.96,1289.94,707.11,53.47,-313.07,593.11,824.48,1618.49,465.46,0.0701,213.84,-182.06,8773.0,2631.0,1473.35,40
DPR,CTCP Cao su Đồng Phú,HOSE,Cao su & Nhựa,2022,0.000338,0.55245,,0.02447,43442966,1210.73,4164.86,26.84,95.25,1.32,337.92,311.14,291.2,828.94,44.95,49.13,1008.64,,1,1,product + process innovation,291.19,2994.58,23236.0,1009.44,1173.57,282.86,79.31,-346.46,311.05,874.44,1885.07,299.13,-0.0568,194.0,-170.97,5767.0,2404.0,1425.0,41
DPR,CTCP Cao su Đồng Phú,HOSE,Cao su & Nhựa,2023,0.000463,,0.6121,0.0304,86885932,1041.12,4258.26,22.06,94.24,1.14,292.86,272.49,179.57,734.4,42.49,39.71,866.62,,1,1,product + process innovation,254.1,3059.22,29021.0,2521.52,1203.92,230.16,89.86,-86.28,319.77,964.7,2006.04,239.22,-0.14,163.96,-131.3,3388.0,2096.0,1378.91,42
DPR,CTCP Cao su Đồng Phú,HOSE,Cao su & Nhựa,2024,0.000431,0.55245,,0.05011,86885932,1224.46,4488.16,20.1,139.74,1.31,376.44,318.39,168.08,818.94,19.52,33.03,970.62,,1,1,product + process innovation,324.25,3239.91,36941.0,3209.65,1253.18,356.56,85.55,-231.88,325.59,997.56,2200.22,255.62,0.176,151.33,-129.88,3000.0,2478.0,1379.29,43
EVE,CTCP Everpia,HOSE,Thực phẩm & Đồ uống,2020,0.1969,0.0,0.0047,0.4751,38047973,855.36,1353.03,140.6,94.28,4.47,139.59,57.23,443.89,534.92,0.0,45.93,792.28,,0,0, no innovation reported,42.06,944.33,9615.0,365.83,408.71,158.3,6.72,31.38,51.43,255.54,1087.29,153.17,-0.148,339.5,-34.02,1105.0,1495.0,201.71,28
EVE,CTCP Everpia,HOSE,Thực phẩm & Đồ uống,2021,0.2125,0.0,0.0021,0.4931,41091589,865.95,1268.74,150.46,85.06,2.83,137.29,73.85,450.47,577.77,0.0,55.28,799.58,,1,1,product + process innovation,59.72,964.04,14343.0,589.38,304.71,-52.57,75.19,215.35,52.16,32.78,965.61,271.92,0.012,346.53,-37.99,1570.0,1212.0,186.72,29
EVE,CTCP Everpia,HOSE,Thực phẩm & Đồ uống,2022,0.217,0.0,0.0178,0.5337,41979773,1021.25,1456.7,173.3,88.03,1.26,153.03,114.81,562.03,654.69,0.0,89.88,930.63,,1,1,product + process innovation,91.83,1027.84,12315.0,516.98,428.85,85.26,152.16,-182.27,54.78,116.84,1055.15,312.01,0.18,364.15,-41.08,2215.0,1206.0,164.25,30
EVE,CTCP Everpia,HOSE,Thực phẩm & Đồ uống,2023,0.196,0.0,0.0156,0.464,41979773,786.85,1355.87,167.44,92.95,0.97,150.22,17.49,405.75,490.48,0.0,87.44,787.28,,1,1,product + process innovation,18.64,999.97,13837.0,580.87,355.9,148.25,132.02,-70.95,40.86,122.22,770.39,233.68,-0.23,318.86,-46.13,425.0,1201.0,351.19,31
EVE,CTCP Everpia,HOSE,Thực phẩm & Đồ uống,2024,0.199,0.0,0.016,0.468,41979773,741.24,1284.19,176.1,94.94,1.36,181.55,-26.27,369.61,442.75,0.0,103.35,750.95,,1,1,product + process innovation,-29.09,948.5,9799.0,411.36,335.69,68.89,1.19,-56.32,19.5,103.05,740.86,232.64,-0.06,253.46,-20.98,-719.0,1000.0,313.98,32
HTG,CTCP Đầu tư Trang Thành,UPCOM,Xây dựng & Bất động sản,2020,0.0466,0.6496,0.0157,0.0003,22500000,3256.26,1751.24,81.03,109.53,1.3,657.01,70.18,1433.89,2890.13,183.73,511.19,3038.32,,0,0, no innovation reported,62.24,477.99,7664.0,172.44,1273.25,163.37,104.39,-110.95,44.22,326.29,963.19,946.95,-0.2345,514.04,-56.06,2587.0,9699.0,736.53,59
HTG,CTCP Đầu tư Trang Thành,UPCOM,Xây dựng & Bất động sản,2021,0.0583,0.6187,0.0144,0.0003,23625000,3863.51,2340.76,118.79,120.01,1.87,684.15,218.55,1915.35,3762.78,373.9,553.31,3736.19,,1,1,product + process innovation,201.45,653.8,14835.0,350.48,1686.97,14.08,85.83,-176.82,58.59,312.1,1605.62,1374.87,0.1864,857.15,-33.83,7894.0,9807.0,670.99,60
HTG,CTCP Đầu tư Trang Thành,UPCOM,Xây dựng & Bất động sản,2022,0.0597,0.6187,0.0145,0.0003,30003075,5178.54,2413.13,127.25,152.32,2.47,876.6,352.16,2746.76,4619.99,416.21,748.8,4954.83,,1,1,product + process innovation,284.99,901.44,15915.0,477.5,1511.69,204.25,139.66,-155.41,24.5,273.56,1619.07,1238.13,0.3316,912.62,-26.03,7146.0,10339.0,700.38,61
HTG,CTCP Đầu tư Trang Thành,UPCOM,Xây dựng & Bất động sản,2023,0.0556,0.6187,0.0118,0.0003,36002708,4700.21,2507.72,84.11,158.35,1.86,704.37,206.84,2371.04,4121.41,336.7,580.42,4348.24,,1,1,product + process innovation,169.87,836.81,26079.0,938.91,1670.91,364.69,94.06,-120.23,210.99,229.45,1761.38,1441.46,-0.0924,765.96,-120.5,4444.0,10133.0,663.88,62
HTG,CTCP Đầu tư Trang Thành,UPCOM,Xây dựng & Bất động sản,2024,0.0794,0.6187,0.0118,0.0002,36002708,5102.93,2922.22,109.49,181.62,1.55,751.26,334.52,2632.16,4532.81,338.13,625.96,4762.01,,1,1,product + process innovation,282.5,923.96,45414.0,1635.03,1998.25,389.67,184.59,-226.86,467.13,208.17,2095.06,1790.08,0.0857,788.06,-159.88,6634.0,9631.0,741.86,63
INN,CTCP Bao bì và In Nông nghiệp,UPCOM,Sản xuất công nghiệp,2020,0.33171,0.0,0.0443,0.0988,18000000,1210.06,802.55,34.26,62.82,0.0,192.42,81.35,741.41,1026.85,5.64,85.53,1081.39,,0,1,implemented new manufacturing process,67.08,518.7,18955.0,341.19,283.85,158.47,116.53,-115.4,62.43,0.2,445.91,283.65,-0.0763,93.82,-35.33,3546.0,650.0,257.91,52
INN,CTCP Bao bì và In Nông nghiệp,UPCOM,Sản xuất công nghiệp,2021,0.3327,0.0,0.0446,0.048,18000000,1536.42,1122.46,49.53,82.31,0.0,224.28,80.32,994.12,1464.85,12.9,124.75,1466.97,,0,1,implemented new manufacturing process,70.9,550.03,22208.0,399.74,572.43,-59.65,71.52,-85.2,53.42,76.88,712.76,495.55,0.271,238.41,-36.43,3751.0,705.0,312.05,53
INN,CTCP Bao bì và In Nông nghiệp,UPCOM,Sản xuất công nghiệp,2022,0.3327,0.0,0.0451,0.0476,18000000,1710.2,992.75,52.63,100.74,0.0,236.48,101.57,1166.86,1358.09,7.81,128.19,1615.34,,0,1,implemented new manufacturing process,82.55,592.07,23502.0,423.04,400.68,273.47,53.5,-39.37,109.91,1.28,598.05,399.4,0.1123,148.67,-35.91,4368.0,720.0,371.31,54
INN,CTCP Bao bì và In Nông nghiệp,UPCOM,Sản xuất công nghiệp,2023,0.2406,0.0,0.0455,0.0379,18000000,1532.16,1089.7,57.34,115.41,0.0,236.89,111.51,911.58,1230.56,6.81,131.11,1425.85,,0,1,implemented new manufacturing process,99.24,656.96,28377.0,510.79,432.74,297.62,43.67,-242.0,119.89,1.28,769.52,431.46,-0.1037,123.74,-35.9,5251.0,769.0,291.89,55
INN,CTCP Bao bì và In Nông nghiệp,UPCOM,Sản xuất công nghiệp,2024,0.2406,0.0,0.0455,0.037,18000000,1767.09,1206.81,58.56,127.57,0.0,273.14,134.02,1051.7,1544.42,7.4,158.15,1647.87,,0,1,implemented new manufacturing process,113.99,720.98,36360.0,654.48,485.83,-53.83,43.14,106.49,139.47,1.28,795.7,484.55,0.153,215.21,-44.88,6031.0,768.0,246.01,56
KSB,CTCP Khoáng sản và Xây dựng Bình Dương,HOSE,Khai khoáng,2020,,0.0,0.287,0.129,66968478,1322.46,3924.85,88.89,73.06,0.48,758.89,398.36,58.17,658.85,0.0,381.35,881.29,,0,0, no innovation reported,327.76,1583.97,24420.0,1635.37,2340.88,457.38,105.65,-170.2,151.56,938.85,2382.52,1402.04,0.0064,47.84,0.0,4379.0,359.0,80.07,28
KSB,CTCP Khoáng sản và Xây dựng Bình Dương,HOSE,Khai khoáng,2021,,0.0,0.287,0.129,73259802,884.27,3984.85,55.05,61.72,0.27,444.64,298.35,88.84,463.33,0.0,237.21,588.82,,0,0, no innovation reported,252.81,1787.86,38360.0,2810.25,2197.0,44.23,170.07,-172.64,94.19,965.79,2100.3,1231.21,-0.3313,39.11,0.0,2920.0,331.0,66.92,29
KSB,CTCP Khoáng sản và Xây dựng Bình Dương,HOSE,Khai khoáng,2022,,0.0,0.31,0.09,76295802,859.11,4242.77,40.3,52.95,0.09,430.83,180.32,143.42,531.35,0.0,186.24,635.36,,0,0, no innovation reported,152.08,1940.86,15835.0,1208.14,2301.91,129.85,507.0,-496.41,122.31,959.94,2058.95,1341.97,-0.0284,28.36,0.0,1717.0,310.0,84.26,30
KSB,CTCP Khoáng sản và Xây dựng Bình Dương,HOSE,Khai khoáng,2023,,0.0,0.31,0.03,76295802,528.62,4276.64,12.98,50.43,0.0,198.19,104.56,110.85,289.72,0.0,51.95,360.74,,0,0, no innovation reported,73.77,1997.74,22652.0,1728.25,2278.9,28.99,217.9,-96.72,103.75,1011.0,1984.91,1267.9,-0.385,28.55,0.0,802.0,241.0,78.62,31
KSB,CTCP Khoáng sản và Xây dựng Bình Dương,HOSE,Khai khoáng,2024,0.0622,0.0,0.226,0.033,114443703,401.28,4927.31,14.39,56.57,0.0,131.47,121.73,92.41,216.52,0.0,95.07,294.56,,0,1,implemented new manufacturing process,52.96,2650.79,18550.0,2122.93,2276.52,321.89,303.51,-887.25,15.83,1208.44,2013.57,1068.08,-0.241,21.47,0.0,477.0,225.0,53.93,32
NNC,CTCP Đá Núi Nhỏ,HOSE,Khai khoáng,2020,0.0342,0.0,0.5422,0.1174,21920000,401.54,391.5,4.9,17.07,6.15,231.79,151.16,20.76,235.27,3.8,126.66,267.51,,0,1,implemented new manufacturing process,121.51,305.46,34434.0,754.79,86.04,113.94,0.6,13.79,50.81,2.99,222.06,83.05,-0.2225,68.0,-109.25,4648.0,91.0,25.56,45
NNC,CTCP Đá Núi Nhỏ,HOSE,Khai khoáng,2021,0.0342,0.0,0.5422,0.083,21920000,159.04,354.49,4.35,6.55,5.98,110.24,38.68,6.02,115.28,4.6,63.03,126.93,,0,0, no innovation reported,38.62,301.56,25990.0,569.7,52.94,66.12,1.05,4.3,81.98,3.24,191.28,49.7,-0.6039,71.43,-39.25,1621.0,65.0,21.88,46
NNC,CTCP Đá Núi Nhỏ,HOSE,Khai khoáng,2022,0.034,0.0,0.5965,0.0638,21920000,80.58,406.85,2.74,10.1,5.8,54.85,18.1,10.83,56.18,2.77,26.85,74.6,,0,1,implemented new manufacturing process,45.05,351.26,19817.0,434.39,55.59,44.67,21.72,-104.62,21.96,3.71,211.99,51.88,-0.4933,68.55,-0.08,1749.0,65.0,28.63,47
NNC,CTCP Đá Núi Nhỏ,HOSE,Khai khoáng,2023,0.034,0.0,0.6002,0.0477,21920000,175.94,431.43,5.16,9.72,5.63,72.51,44.96,23.86,106.15,0.19,40.3,112.49,,0,0, no innovation reported,37.27,374.37,18286.0,400.83,57.07,45.99,18.52,-26.07,34.22,3.9,229.38,53.17,1.1834,47.93,-10.91,1564.0,75.0,46.13,48
NNC,CTCP Đá Núi Nhỏ,HOSE,Khai khoáng,2024,0.034,0.0,0.6002,0.0493,21920000,280.07,485.88,5.98,13.8,5.51,96.94,78.76,38.61,152.11,0.77,54.29,149.14,,0,1,implemented new manufacturing process,62.61,420.98,22878.0,501.49,64.91,97.23,22.88,-20.8,96.68,7.26,236.74,57.65,0.5918,8.43,-10.71,2628.0,81.0,49.74,49
SFI,CTCP Đại lý Vận tải SAFI,HOSE,Vận tải & Logistics,2020,0.167,0.0,,0.1023,15085305,1203.17,702.04,77.66,19.29,5.48,1024.75,97.56,22.02,1024.67,0.2,952.1,1121.64,,0,0, no innovation reported,82.33,482.38,12920.0,194.9,219.66,155.17,12.61,-56.09,136.33,1.43,385.07,218.23,0.422216,0.27,-20.02,5763.0,383.0,74.66,28
SFI,CTCP Đại lý Vận tải SAFI,HOSE,Vận tải & Logistics,2021,0.1526,0.0,,0.056511,15753069,1851.65,933.65,76.04,19.34,2.29,1608.26,213.96,31.89,1618.62,0.49,1477.83,1713.8,,0,0, no innovation reported,175.04,620.11,30966.0,487.81,313.54,1.61,19.41,128.16,231.55,0.0,689.91,313.54,0.538972,0.76,-41.39,8347.0,382.0,69.16,29
SFI,CTCP Đại lý Vận tải SAFI,HOSE,Vận tải & Logistics,2022,0.1537,0.0,,0.0883,23816046,1724.36,996.42,75.2,23.12,2.24,1485.75,267.62,21.97,1531.46,0.57,1425.46,1581.01,,0,1,implemented new manufacturing process,214.42,775.92,23064.0,549.29,220.5,25.73,21.51,-53.59,151.85,0.0,611.2,220.5,-0.068741,49.1,-63.1,10081.0,387.0,75.17,30
SFI,CTCP Đại lý Vận tải SAFI,HOSE,Vận tải & Logistics,2023,0.1331,0.0,,0.0947,23816046,1017.53,890.87,74.97,23.68,2.3,955.3,126.93,1.04,839.15,2.66,818.62,921.71,,0,1,implemented new manufacturing process,103.12,734.68,25884.0,616.45,156.19,159.16,0.38,70.77,243.64,0.09,576.69,156.1,-0.409912,46.92,-137.97,3445.0,372.0,58.71,31
SFI,CTCP Đại lý Vận tải SAFI,HOSE,Vận tải & Logistics,2024,0.1658,0.0,,0.1027,24887046,1087.77,920.95,71.12,21.73,2.28,844.87,94.6,1.34,931.2,5.22,932.61,1024.0,,0,0, no innovation reported,78.38,763.67,26407.0,657.19,157.28,35.72,2.33,6.64,252.47,0.09,627.02,157.19,0.069034,45.52,-46.31,4341.0,362.0,47.13,32
SHI,CTCP Quốc tế Sơn Hà,HOSE,Sản xuất công nghiệp,2020,0.107,0.0,,0.0031,91107067,5360.12,4504.78,291.08,144.87,16.21,437.5,124.37,2434.8,4648.59,9.38,248.64,3137.92,,1,1,product + process innovation,89.51,1322.73,6302.0,574.16,3182.05,252.81,166.64,-138.92,227.06,213.1,3424.72,2968.94,0.11,1053.18,-43.38,484.0,1825.0,675.97,22
SHI,CTCP Quốc tế Sơn Hà,HOSE,Sản xuất công nghiệp,2021,,0.0,,0.0018,100216847,7074.61,5907.41,364.73,163.35,16.22,671.75,182.47,4118.73,6776.03,11.86,409.16,5102.35,,1,1,product + process innovation,136.68,1364.4,13851.0,1388.1,4543.01,-230.06,105.45,-211.63,173.88,480.14,4657.23,4062.86,0.31,1628.15,-78.87,888.0,2118.0,654.78,23
SHI,CTCP Quốc tế Sơn Hà,HOSE,Sản xuất công nghiệp,2022,,0.0,,0.0011,169950000,7977.48,7330.8,351.67,176.95,15.44,625.68,122.31,4430.4,7182.36,22.58,370.54,5350.75,,1,1,product + process innovation,87.26,1960.44,14233.0,2418.9,5370.36,-192.27,1136.11,-1147.71,183.92,603.33,5592.43,4767.03,0.13,1734.81,-20.29,382.0,2075.0,675.29,24
SHI,CTCP Quốc tế Sơn Hà,HOSE,Sản xuất công nghiệp,2023,0.107,0.0,,0.0011,161857589,9605.35,7581.79,287.18,162.02,452.11,497.6,106.66,4555.4,8252.44,7.29,297.37,5304.69,,1,1,product + process innovation,59.09,2007.42,12948.0,2095.73,5574.37,236.4,388.65,-432.54,79.18,710.6,5610.6,4863.76,0.190694,1218.74,-4.28,102.0,477.0,623.34,25
SHI,CTCP Quốc tế Sơn Hà,HOSE,Sản xuất công nghiệp,2024,0.107,0.0,0.1851,0.0031,161857589,11257.07,9453.44,379.01,181.98,487.03,596.79,113.0,3556.89,10467.19,4.38,425.82,4412.71,,1,1,product + process innovation,108.37,2102.3,14995.0,2427.05,7351.14,8.47,639.2,-578.8,102.79,1002.37,7267.56,6348.77,0.168189,1380.18,-1.93,476.0,1641.0,558.11,26
SMC,CTCP Đầu tư Thương mại SMC,HOSE,Thương mại,2020,0.3827,0.0,,0.337,60922941,15734.96,6721.25,197.44,211.26,138.84,581.1,368.85,2601.53,194105.05,0.0,429.24,3394.15,,0,1,implemented new manufacturing process,316.1,1584.29,15594.0,950.03,5136.96,444.69,54.7,-291.1,1183.35,53.66,5516.48,5083.29,-0.07,1803.93,-58.93,5020.0,1136.0,512.65,16
SMC,CTCP Đầu tư Thương mại SMC,HOSE,Thương mại,2021,0.4089,0.0,,0.2089,60922941,21315.02,9005.78,219.07,127.2,138.32,994.57,1096.86,2792.72,20575.22,0.0,885.89,3575.7,,0,1,implemented new manufacturing process,901.05,2418.88,34379.0,2094.47,6586.9,-752.28,537.67,-636.33,624.57,466.41,7021.18,6120.49,0.35,2544.49,-60.92,14124.0,1332.0,648.37,17
SMC,CTCP Đầu tư Thương mại SMC,HOSE,Thương mại,2022,0.4079,0.0,,0.2031,73606837,23181.58,8329.09,209.79,123.43,139.35,1173.73,-615.24,3395.62,22239.49,0.6,1006.11,4720.56,,0,1,implemented new manufacturing process,-651.83,1723.07,9670.0,711.78,6606.03,400.21,85.84,-3.02,813.93,613.56,6272.89,5992.46,0.09,1564.78,-30.46,-8760.0,1399.0,740.5,18
SMC,CTCP Đầu tư Thương mại SMC,HOSE,Thương mại,2023,0.406,0.0,,0.202,73606837,13701.58,6178.69,122.84,623.22,138.47,746.98,-913.55,1338.2,12916.61,3.06,615.52,2260.48,,0,1,implemented new manufacturing process,-925.3,797.77,10250.0,754.47,5380.92,441.58,216.42,43.84,669.71,373.92,3981.87,5007.01,-0.41,841.38,0.0,-12027.0,1155.0,1012.01,19
SMC,CTCP Đầu tư Thương mại SMC,HOSE,Thương mại,2024,0.469,0.0,,0.203,73606837,8929.79,4778.18,91.91,-95.47,103.78,460.12,11.98,2360.77,8710.44,1.32,325.8,2955.53,,0,1,implemented new manufacturing process,12.07,809.84,8360.0,615.35,3968.34,-508.08,0.0,610.29,143.28,259.05,3086.66,3709.28,-0.35,627.74,0.0,397.0,864.0,829.88,20
VFG,CTCP Khử trùng Việt Nam,HOSE,Hóa chất,2020,0.0368,,0.0365,0.0275,32086864,1883.77,1839.71,-268.38,-38.78,55.0,857.26,213.69,538.51,-1561.61,8.57,137.85,1657.69,,1,1,product + process innovation,163.37,967.79,26484.0,849.79,871.92,-100.97,3.59,46.68,329.81,38.67,1453.0,833.25,-0.08,709.13,-79.2,4437.0,1268.0,117.33,27
VFG,CTCP Khử trùng Việt Nam,HOSE,Hóa chất,2021,0.033,,0.0363,0.0261,32086864,2076.11,1899.75,-272.37,-38.7,53.59,965.58,203.58,633.66,-1671.8,11.21,219.59,1874.39,,1,1,product + process innovation,165.05,1018.95,31842.0,1021.71,880.8,777.0,1.88,10.88,692.15,36.44,1520.31,44.07,0.058849,605.2,-95.09,4224.0,1269.0,107.78,28
VFG,CTCP Khử trùng Việt Nam,HOSE,Hóa chất,2022,0.0375,,0.5488,0.0266,41712614,2976.78,2756.47,-388.58,-54.54,56.35,1130.94,285.67,1206.06,-1821.61,9.08,297.99,2729.88,,1,1,product + process innovation,229.16,1139.3,28280.0,1179.63,1617.17,-83.01,13.26,-503.85,208.42,2.31,2387.28,1614.36,0.461459,1050.25,-79.28,4805.0,1394.0,105.2,29
VFG,CTCP Khử trùng Việt Nam,HOSE,Hóa chất,2023,0.038,,0.55,0.0274,41712614,3262.42,2945.61,353.03,81.6,54.65,1870.83,376.93,629.36,-2471.2,8.26,190.19,2947.07,,1,1,product + process innovation,295.58,1245.63,31938.0,1332.22,1699.98,-7.31,15.11,-118.32,129.88,1.99,2572.76,1697.99,0.094245,1062.52,-144.23,6124.0,1390.0,98.58,30
VFG,CTCP Khử trùng Việt Nam,HOSE,Hóa chất,2024,0.0372,,0.5493,0.0237,41712614,3497.26,2495.78,439.03,91.18,53.64,184.3,568.43,737.07,2471.86,7.85,47.44,1416.96,,1,1,product + process innovation,471.27,1605.88,75429.0,3146.34,889.9,150.84,15.0,896.5,800.79,16.3,2206.93,873.6,0.07028,945.93,-175.09,10143.0,1433.0,196.55,31
WCS,CTCP Bến xe Miền Tây,UPCOM,Vận tải & Logistics,2020,0.5114,0.0051,,0.2624,2500000,111.02,195.39,0.0,10.44,0.52,15.9,61.29,0.26,52.5,,7.7,62.95,,0,0, no innovation reported,56.15,165.82,148232.0,370.58,29.57,29.43,4.23,174.81,98.99,4.39,167.14,25.18,-0.168853,0.06,-129.0,18174.0,185.0,26.53,14
WCS,CTCP Bến xe Miền Tây,UPCOM,Vận tải & Logistics,2021,0.1012,0.0051,,0.2783,2500000,54.74,185.75,0.0,8.73,0.33,13.0,11.1,0.16,40.59,,5.56,49.34,,0,0, no innovation reported,11.66,166.53,131883.0,329.71,19.23,-5.03,,46.31,135.27,4.2,158.66,15.03,0.5071,0.03,-5.0,2283.0,166.0,25.87,15
WCS,CTCP Bến xe Miền Tây,UPCOM,Vận tải & Logistics,2022,0.6112,0.0051,,0.2802,2500000,94.06,217.6,0.0,13.42,1.35,16.0,43.93,0.16,44.07,,7.33,57.5,,0,0, no innovation reported,38.11,190.91,121181.0,302.95,26.69,34.86,3.51,-152.91,12.22,3.97,192.1,22.72,2.28897,0.02,-5.0,11753.0,163.0,23.15,16
WCS,CTCP Bến xe Miền Tây,UPCOM,Vận tải & Logistics,2023,0.6112,0.0051,,0.2847,2500000,140.26,284.2,0.0,18.67,1.22,20.63,78.8,0.23,55.18,,10.3,73.77,,0,0, no innovation reported,66.48,202.91,135791.0,339.48,81.29,61.0,7.34,-24.08,44.14,4.24,255.66,77.05,0.49,0.1,-5.0,20705.0,161.0,25.42,17
WCS,CTCP Bến xe Miền Tây,UPCOM,Vận tải & Logistics,2024,0.1012,0.0051,,0.2859,2500000,158.28,307.62,0.0,17.05,3.61,22.04,88.96,0.32,62.89,,10.62,79.95,,0,0, no innovation reported,75.47,265.59,212541.0,531.35,42.03,57.81,11.08,69.5,131.45,4.07,273.54,37.96,0.13,0.1,-40.0,25072.0,162.0,29.46,18
